おはよう	1094191284	ja	he	おはよう！	צפרא טבא.	העיתון בחינם.	היית חיי.	אספקתנו אוזלת.	אני בצום.	העניין נפתר.	תום כעס?
おはよう	1094191284	ja	he	おはよう！	בוקר טוב.	תום מוכשר?	המורה גיחך.	יריות נשמעו.	אני שפוי?	הפסדנו משהו?	היית אוהד?
おはよう	1094191284	ja	he	おはよう！	בוקר טוב!	הפסיקי לדחוף.	לעזור לכם?	הנה העודף.	הרגע התחלתי.	אתה ומפיר?	מצאנו אותו.
おはよう	3796424133	ja	he	おはよう。	בוקר טוב.	תום מוכשר?	המורה גיחך.	יריות נשמעו.	אני שפוי?	הפסדנו משהו?	היית אוהד?
おはよう	3796424133	ja	he	おはよう。	בוקר טוב!	הפסיקי לדחוף.	לעזור לכם?	הנה העודף.	הרגע התחלתי.	אתה ומפיר?	מצאנו אותו.
おはよう	3796424133	ja	he	おはよう。	צפרא טבא.	העיתון בחינם.	היית חיי.	אספקתנו אוזלת.	אני בצום.	העניין נפתר.	תום כעס?
おはよう	990717638	ja	he	やぁ、トム。おはよう。	היי, טום. בוקר טוב!	בוקר טוב, גבירותי ורבותי.	היי, מה הרעיון הגדול?	היי, יש שם מישהו?	בוקר טוב, אדוני הרופא!	היי, שמי קן סייטו.	מזג האוויר כה טוב!
おはよう	990717638	ja	he	やぁ、トム。おはよう。	שלום, טום. בוקר טוב!	טוב, יקירתי, לילה טוב!	שלום, יש שם מישהו?	שלום, אני מלך היקום.	טוב, יקירי, לילה טוב!	שלום לכם, אנשים טובים!	שמעתי שניצחת. מזל טוב!
おはよう	1887691292	ja	he	おはようございます！	צפרא טבא.	העיתון בחינם.	היית חיי.	אספקתנו אוזלת.	אני בצום.	העניין נפתר.	תום כעס?
おはよう	1887691292	ja	he	おはようございます！	בוקר טוב.	תום מוכשר?	המורה גיחך.	יריות נשמעו.	אני שפוי?	הפסדנו משהו?	היית אוהד?
おはよう	1887691292	ja	he	おはようございます！	בוקר טוב!	הפסיקי לדחוף.	לעזור לכם?	הנה העודף.	הרגע התחלתי.	אתה ומפיר?	מצאנו אותו.
おはよう	65573135	ja	he	おはよう、ケビン！	בוקר טוב, קווין!	כל יום ראשון בבוקר.	בוקר טוב, אווה!	בוקר טוב, וויליאם!	טוב לשמוע את זה.	גם אני, קווין.	כן... גם אני, קווין.
おはよう	2685352875	ja	he	皆さんおはよう。	בוקר טוב לכולם.	בוקר טוב, אהובי.	בוקר טוב, אהובתי.	אני דואג לכולם.	בוקר טוב, חברים.	בידקו את כולם.	בגלל זה תשלם.
おはよう	3761005663	ja	he	おはよう、ミラ！	בוקר, מילה!	צ'יפס, בבקשה.	אני שלוש!	מוזיקת פופ	מלחמת הכוכבים!	הנוקמים.	טוב מאוד.
おはよう	1111708082	ja	he	おはよう、ベンジャミン。	בוקר, בנימין.	היי, לורה.	אני רואה.	כמו ביקסבי?	נשמע מושלם.	וואו, באמת?
おはよう	34542788	ja	he	おはようございます。	צפרא טבא.	העיתון בחינם.	היית חיי.	אספקתנו אוזלת.	אני בצום.	העניין נפתר.	תום כעס?
おはよう	2548321059	ja	he	おはよう、ウィリアム！	בוקר טוב, וויליאם!	כל יום ראשון בבוקר.	אפייה טובה, לילי!	דלק טוב לגוף.	בהצלחה עם זה!  	בוקר טוב, קווין!	אני אוהב אותך, וויליאם.
おはよう	2257534850	ja	he	おはよう、ダイアナ！	בוקר, דיאנה!	לא, ברצינות.	לא נכון.	להתראות!	תודה, אוסקר!	תודה, וויליאם!	זה עובד.
おはよう	3816760935	ja	he	おはよう諸君。	בוקר טוב לכולם.	בוקר טוב, אהובי.	בוקר טוב, אהובתי.	אני דואג לכולם.	בוקר טוב, חברים.	בידקו את כולם.	בגלל זה תשלם.
おはよう	34542788	ja	he	おはようございます。	בוקר טוב.	תום מוכשר?	המורה גיחך.	יריות נשמעו.	אני שפוי?	הפסדנו משהו?	היית אוהד?
おはよう	3785569186	ja	he	おはよう、マイク。	בוקר טוב, מייק.	בוקר טוב לכולם.	הראש שלי ריק.	בוקר טוב, תום.	לא ישנתי מספיק.	זה צריך להספיק.	בוקר טוב, אהובתי.
おはよう	4088532903	ja	he	トム、おはよう。	בוקר טוב, תום.	אבי מהנדס חשמל.	הבנו את תום.	זה חידוש עצום.	בוקר טוב לכולם.	מענים את תום.	בוקר טוב, אהובי.
おはよう	34542788	ja	he	おはようございます。	בוקר טוב!	הפסיקי לדחוף.	לעזור לכם?	הנה העודף.	הרגע התחלתי.	אתה ומפיר?	מצאנו אותו.
おはよう	4083747685	ja	he	皆さん、おはようございます。	בוקר טוב לכולם.	בוקר טוב, אהובי.	בוקר טוב, אהובתי.	אני דואג לכולם.	בוקר טוב, חברים.	בידקו את כולם.	בגלל זה תשלם.
おはよう	2817240098	ja	he	皆様、おはようございます。	בוקר טוב לכולם.	בוקר טוב, אהובי.	בוקר טוב, אהובתי.	אני דואג לכולם.	בוקר טוב, חברים.	בידקו את כולם.	בגלל זה תשלם.
おはよう	4183162688	ja	he	おはようございます、エヴァ！	בוקר טוב, אווה!	כל יום ראשון בבוקר.	אפייה טובה, לילי!	בהצלחה עם זה!	תודה על ההקשבה, אווה.	איזה בוקר	את אמיצה, אווה.
おはよう	2524584358	ja	he	おはよう。起きる時間だよ。	בוקר טוב. זה הזמן לקום מהשינה.	אמא שלו כל הזמן מתלוננת על זה.	שלח את הדואר שלי בבקשה לכתובת הזאת.	בוקר אחד הוא ראה נערה יפה.	אנו עושים את זה כל הזמן.	זה לא הזמן והמקום לעשות את זה.
おはよう	2227592286	ja	he	彼女は私に『おはよう』と挨拶をした。	היא ברכה אותי ב"בוקר טוב".	תוציא את האצבע מהתחת ותזוז!	היא חשה כאב חד בחזה.	זה בדיוק הסוג שאנו צריכים.	היא בשום פנים לא מלאך.	היא חוסכת כדי לנסוע לחו"ל.	מרי אוכלת עכשיו בשביל שניים.
おはよう	1581790150	ja	he	おはようございます。おめざめの時間です。	בוקר טוב. זה הזמן לקום מהשינה.	אמא שלו כל הזמן מתלוננת על זה.	שלח את הדואר שלי בבקשה לכתובת הזאת.	בוקר אחד הוא ראה נערה יפה.	אנו עושים את זה כל הזמן.	זה לא הזמן והמקום לעשות את זה.
おはようございます	34542788	ja	he	おはようございます。	צפרא טבא.	העיתון בחינם.	היית חיי.	אספקתנו אוזלת.	אני בצום.	העניין נפתר.	תום כעס?
おはようございます	34542788	ja	he	おはようございます。	בוקר טוב.	תום מוכשר?	המורה גיחך.	יריות נשמעו.	אני שפוי?	הפסדנו משהו?	היית אוהד?
おはようございます	34542788	ja	he	おはようございます。	בוקר טוב!	הפסיקי לדחוף.	לעזור לכם?	הנה העודף.	הרגע התחלתי.	אתה ומפיר?	מצאנו אותו.
おはようございます	1887691292	ja	he	おはようございます！	צפרא טבא.	העיתון בחינם.	היית חיי.	אספקתנו אוזלת.	אני בצום.	העניין נפתר.	תום כעס?
おはようございます	1887691292	ja	he	おはようございます！	בוקר טוב.	תום מוכשר?	המורה גיחך.	יריות נשמעו.	אני שפוי?	הפסדנו משהו?	היית אוהד?
おはようございます	1887691292	ja	he	おはようございます！	בוקר טוב!	הפסיקי לדחוף.	לעזור לכם?	הנה העודף.	הרגע התחלתי.	אתה ומפיר?	מצאנו אותו.
おはようございます	4083747685	ja	he	皆さん、おはようございます。	בוקר טוב לכולם.	בוקר טוב, אהובי.	בוקר טוב, אהובתי.	אני דואג לכולם.	בוקר טוב, חברים.	בידקו את כולם.	בגלל זה תשלם.
おはようございます	4183162688	ja	he	おはようございます、エヴァ！	בוקר טוב, אווה!	כל יום ראשון בבוקר.	אפייה טובה, לילי!	בהצלחה עם זה!	תודה על ההקשבה, אווה.	איזה בוקר	את אמיצה, אווה.
おはようございます	2817240098	ja	he	皆様、おはようございます。	בוקר טוב לכולם.	בוקר טוב, אהובי.	בוקר טוב, אהובתי.	אני דואג לכולם.	בוקר טוב, חברים.	בידקו את כולם.	בגלל זה תשלם.
おはようございます	1581790150	ja	he	おはようございます。おめざめの時間です。	בוקר טוב. זה הזמן לקום מהשינה.	אמא שלו כל הזמן מתלוננת על זה.	שלח את הדואר שלי בבקשה לכתובת הזאת.	בוקר אחד הוא ראה נערה יפה.	אנו עושים את זה כל הזמן.	זה לא הזמן והמקום לעשות את זה.
こんにちは	2832406136	ja	he	こんにちは。	ברוכים הבאים!	אני שורד.	קלקלת הכול.	אתה בבית.	תום מצונן.	חייכם בסכנה.	שניהם גיחכו.
こんにちは	3363590735	ja	he	こんにちは！	אהלן.	התרקוד?	המשכתי.	תמהר!	סוממתי.	הלכתי.	נשקני.
こんにちは	2832406136	ja	he	こんにちは。	שלום	מְחַבֵּר	אֶלָא	יֶדַע	חלקים	פְּלוּס	מוּתַשׁ	מַסלוּל
こんにちは	2832406136	ja	he	こんにちは。	היי.	החלט.	פישטתי.	תשקי!	תגיב.	חכה!	פחדת.
こんにちは	2832406136	ja	he	こんにちは。	שלום.	תיהני!	חוששני.	נפצעתי.	הרגע.	אפצ'י!	התרוץ?
こんにちは	3363590735	ja	he	こんにちは！	שלום.	תיהני!	חוששני.	נפצעתי.	הרגע.	אפצ'י!	התרוץ?
こんにちは	3363590735	ja	he	こんにちは！	הלו!	בתיאבון!	מחאנו.	היססנו.	תחזור!	תשתזף.	פתחנו!
こんにちは	2832406136	ja	he	こんにちは。	אהלן.	התרקוד?	המשכתי.	תמהר!	סוממתי.	הלכתי.	נשקני.
こんにちは	2832406136	ja	he	こんにちは。	הלו!	בתיאבון!	מחאנו.	היססנו.	תחזור!	תשתזף.	פתחנו!
こんにちは	3983744469	ja	he	こんにちは、如何ですか？	שלום, מה שלומך?	שאלת את אמך?	היי, מה שלומך?	מה שלום טום?	שלום, מה תרצה?	מה שלום בתך?	שלום, מה שמך?
こんにちは	2832406136	ja	he	こんにちは。	אחר צהריים טוב.	הוא עומד לעזוב.	הנערות צחקו בקול.	בוא ננסה שוב.	זה נגמר טוב.	אחר מת מצחוק.
こんにちは	2832406136	ja	he	こんにちは。	ברוך הבא!	עליך לאכול.	הוא איטלקי.	תתחפף, סוטה.	תום עוזב.	אני א-מיני.	הוא מצלצל.
こんにちは	3363590735	ja	he	こんにちは！	היי.	החלט.	פישטתי.	תשקי!	תגיב.	חכה!	פחדת.
こんにちは	229901710	ja	he	こんにちは、ソフィア！	היי סופיה!	בחירות נחמדות.	בסדר, מגניב!	בסדר, סיימתי!	מלחמת הכוכבים!	תודה פרנק!	וואו, באמת?
こんにちは	3968547082	ja	he	こんにちは、リア！	היי לאה!	ברצלונה FC!	טוב, תודה.	בחירה מצוינת!	אני שלוש!	נשמע טעים.	כן, בטח.
こんにちは	434601789	ja	he	こんにちは、サミュエル。	שלום שמואל.	בחירה מצוינת!	הארי פוטר.	גְלִידָה!	קנדריק לאמאר.	מלחמת הכוכבים!	הנוקמים.
こんにちは	3271196195	ja	he	世界、こんにちは！	שלום עולם!	הן צעקו.	זה דרקון!	היית טעות.	תום נחוש.	המשיכו לדווש.	היה ערב.
こんにちは	4069234959	ja	he	こんにちは、マリアさん！	שלום מריה!	קְצָת.	קריאה מהנה!	היי, סופיה.	בסדר, מגניב!	טוב מאוד.
こんにちは	419757657	ja	he	こんにちは、ピーター！	שלום פיטר!	ד"ר סוס.	הבנתי.	מוזיקת פופ	הפטריוטים.	כדאי!
こんにちは	701511268	ja	he	こんにちは、ウィリアム。	היי, וויליאם.	קְצָת.	צ'יפס, בבקשה.	מֵעֵין.	כל כך חצוף!	נשמע מושלם.	תודה פרנק!
こんにちは	2922774708	ja	he	こんにちは、ハリー！	היי הארי!	אה מגניב!	קריאה מהנה!	היי, דיאנה!	גְלִידָה!	טֶרֶם.	וואו, באמת?
こんにちは	196132093	ja	he	こんにちは、アリス！	היי אליס!	אוי מגניב.	מוזיקת פופ	נשמע כיף!	נשמע טעים.	איזה מהם?
こんにちは	196132093	ja	he	こんにちは、アリス！	שלום אליס!	צ'יפס, בבקשה.	היי, דיאנה!	גְלִידָה!	מלחמת הכוכבים!	הנוקמים.
こんにちは	2971796320	ja	he	こんにちは、音楽は好きですか？	היי, אתה אוהב מוזיקה?	האם אתה אוהב לקבל ממתקים?	האם אתה אוהב בית ספר?	היי אווה, רוצה חטיף?	היי אלה, רוצה יין?	היי אווה, אני אוהב אומנות.	גם אני אוהב מוזיקה!
こんにちは	3271196195	ja	he	世界、こんにちは！	שלום, עולם!	תום בסדר.	המוזיקה פסקה.	אל תתחמקי.	התחלתי לעבוד.	אנו הגיוניים.	בנם גדל.
こんにちは	1127432011	ja	he	こんにちは、イアン。	היי, איאן.	איך כך?	מוזיקת פופ	הפטריוטים.	נכון זה.	יעשה!	כן, בטח.
こんにちは	3869793767	ja	he	こんにちは、ルーシー！	היי לוסי!	האם הם?	כמו ביקסבי?	בסדר, סיימתי!	מלחמת הכוכבים!	תודה פרנק!
こんにちは	3699932626	ja	he	こんにちは、ローラ！	היי לורה!	בעצם כן.	בכל עת, פרנק.	האם הם?	תודה, אוסקר!	וואו, באמת?	למה לא?
こんにちは	1272276201	ja	he	こんにちは、オスカー！	היי אוסקר!	גְלִידָה!	איש הברזל.	J.K. רולינג.	אני שלוש!	צוות נחמד!	טוב מאוד.
こんにちは	2936031724	ja	he	こんにちは、お元気ですか？	שלום, מה שלומך?	שאלת את אמך?	היי, מה שלומך?	מה שלום טום?	שלום, מה תרצה?	מה שלום בתך?	שלום, מה שמך?
こんばんは	3930990322	ja	he	こんばんは。	ערב טוב.	זה ישתנה?	הוא הופתע.	זה מפונצ'ר.	תום הוגן.	לקחתי סיכונים.	ראשי מגרד.
こんばんは	4069182511	ja	he	こんばんは。ご機嫌いかが？	ערב טוב, מה שלומך?	ערב טוב, מה נשמע?	ערב טוב, איך הולך?	היי מימי, מה שלומך?	היי ג'ון! מה שלומך?
こんばんは	1132256187	ja	he	シカゴのみなさん、こんばんは。	שלום, שיקגו!	אני טורקי.	החתול גדול.	היא הוזמנה.	אתה רציני?	תום שונה.	עלינו לרוץ.
お久しぶりです	334707394	ja	he	本当にお久しぶりです。	עבר זמן רב.	איך אירעה התאונה?	עבר הרבה זמן.	עבר עליך הרבה.	ירד שלג רב.	עבר עליכם הרבה.	יש לך קצב.
お久しぶりです	334707394	ja	he	本当にお久しぶりです。	עבר הרבה זמן.	הוא הגיע בזמן.	מהו החלום שלך?	עבר זמן רב.	עבר עליכם הרבה.	טום משחק פקמן.	עבר עליך הרבה.
お元気ですか	585667937	ja	he	お元気ですか。	מה שלומך?	מה דעתך על ליל כל הקדושים?	מה עם לבן?	כמה אנחנו משתמשים?	אני אוהב קונצרטים!	אני מסתדר.	למה לא לצאת?
お元気ですか	585667937	ja	he	お元気ですか。	מה העניינים?	שיתבייש הנשיא!	בואי נלך!	אלה בחינם.	שניהם צוחקים.	חטפתי אבעבועות.	אני דוקטור.
お元気ですか	585667937	ja	he	お元気ですか。	איך אתה?	אני לוהטת?	תום ברברי.	בוא נשוחח.	ראיתי אווירון.	הלכתי אחריכם.	בוא נזוז.
お元気ですか	585667937	ja	he	お元気ですか。	איך הולך?	הלוואי שיכולתי.	הכביש מפונה.	חשנו בנוח.	הפסיקו להתווכח.	ביי, נשתמע.	אני בישיבה.
お元気ですか	1932937826	ja	he	お元気ですか？	מה שלומך?	מה דעתך על ליל כל הקדושים?	מה עם לבן?	כמה אנחנו משתמשים?	אני אוהב קונצרטים!	אני מסתדר.	למה לא לצאת?
お元気ですか	100838054	ja	he	どうも、お元気ですか？	שלום, מה שלומך?	שאלת את אמך?	היי, מה שלומך?	מה שלום טום?	שלום, מה תרצה?	מה שלום בתך?	שלום, מה שמך?
お元気ですか	100838054	ja	he	どうも、お元気ですか？	היי, מה שלומך?	היי אווה, את נשארת בטוחה?	היי דיאנה, רוצה לבשל הערב?	היי אלנה, מה שלומך?	היי סופיה, רוצה מיץ?	היי, ראית מה קרה היום?	מה אתה עושה?
お元気ですか	100838054	ja	he	どうも、お元気ですか？	אהלן, מה שלומך?	אהלן, כאן מייק.	סיימת את המסמך?	אהלן, שמי ננסי.	אהלן, אני באשיר.	הוא לא אומר.	היי! מה שלומך?
お元気ですか	747821423	ja	he	奥様はお元気ですか。	מה שלומה של אשתך?	הוא פתח תיבת פנדורה.	מה שחלף לא ישוב.	אספרנטו זה יותר משפה.	לא ידעתי שזה נגמר.	מה זה אמור להביע?	מה את רוצה, נשמה?
お元気ですか	747821423	ja	he	奥様はお元気ですか。	מה שלום אשתך?	אני מכירה אותך?	מה שכנע אותך?	מה הפחיד אתכם?	מה שלומך, יקירתי?	מה שלום כבודו?	מה יקרה לכם?
お元気ですか	3343723965	ja	he	お姉さんはお元気ですか。	מה שלום אחותך?	היא מכירה אותך?	מה הם נבגים?	מה הפחיד אותך?	ורגה סופר מפורסם.	אני מעצבן אותך?	מה עלינו לעשות?
お元気ですか	2001807359	ja	he	お母様はお元気ですか？	מה שלום אמך?	תום הוא שמך?	האם למדת בעצמך?	מה שלום בתך?	מה את מכינה?	מה יחשוב תום?	מה שלום טום?
お元気ですか	2001807359	ja	he	お母様はお元気ですか？	מה שלום אמא שלך?	תום דובר כמה שפות.	מה בדיוק בכוונתך לעשות?	מה משקל התיק שלך?	מה קבוצת הדם שלך?	מה קרה לשיער שלך?	מה קרה? המכונית מאיטה.
お元気ですか	4083381754	ja	he	ご家族はお元気ですか？	והמשפחה?	חרבון.	התקשרתם?	פיהקתי.	תגביר.	נבהלת?	ניקיתי.
お元気ですか	4083381754	ja	he	ご家族はお元気ですか？	מה שלום בני משפחתך?	מה אם תום צודק?	מה המטרה של השכלה?	לאיש הזה יש סוס.	מה שצריך לקרות יקרה.	טום נפטר ממחלת הטיפוס.	אל תתקשר אליה כעת.
お元気ですか	4083381754	ja	he	ご家族はお元気ですか？	מה שלום המשפחה שלך?	יש קצת רוח.	זה קל להכנה.	המשפחה שלי הולכת לכנסייה.	גם המשפחה שלי די קרובה.	המשפחה שלי קטנה יותר.	כן, המשפחה חשובה לי.
お元気ですか	4083381754	ja	he	ご家族はお元気ですか？	מה שלום משפחתך?	מה שלום בתך?	מה החוב שלך?	מה אמרת? מת?	שלום, מה שלומך?	אתה יוצא מדעתך?	מה עשית היום?
お元気ですか	4083381754	ja	he	ご家族はお元気ですか？	איך המשפחה?	הרעש מחריש.	איזה זכרון!	תום בטוח?	תום מעניין.	תום גס.	הרגזתי אותו.
お元気ですか	2534255865	ja	he	ご家族はお元気ですか。	מה שלום בני משפחתך?	מה אם תום צודק?	מה המטרה של השכלה?	לאיש הזה יש סוס.	מה שצריך לקרות יקרה.	טום נפטר ממחלת הטיפוס.	אל תתקשר אליה כעת.
お元気ですか	2534255865	ja	he	ご家族はお元気ですか。	מה שלום המשפחה שלך?	יש קצת רוח.	זה קל להכנה.	המשפחה שלי הולכת לכנסייה.	גם המשפחה שלי די קרובה.	המשפחה שלי קטנה יותר.	כן, המשפחה חשובה לי.
お元気ですか	2534255865	ja	he	ご家族はお元気ですか。	מה שלום משפחתך?	מה שלום בתך?	מה החוב שלך?	מה אמרת? מת?	שלום, מה שלומך?	אתה יוצא מדעתך?	מה עשית היום?
お元気ですか	2853505455	ja	he	お父さんはお元気ですか？	מה שלום אביך?	מה את מלמדת?	מה עובר עלייך?	מה זה קשור?	אנא בואו לכאן.	מה שלום הורייך?	מה זאת אהבה?
お元気ですか	2853505455	ja	he	お父さんはお元気ですか？	איך אביך?	תום צם?	אתם שקטים.	הוא מתחסד.	בואו אחרי.	אל תיכנסו.	בואי הנה.
お元気ですか	2853505455	ja	he	お父さんはお元気ですか？	מה שלום אבא שלך?	מה כתובת הבית שלך?	העולם זקוק לכשרון האנושי.	מה דעתך על ראגיי?	מה אתה מציע שנאכל?	מי עוזר לאמא שלך?	מה אתם רוצים מאיתנו?
お元気ですか	2936031724	ja	he	こんにちは、お元気ですか？	שלום, מה שלומך?	שאלת את אמך?	היי, מה שלומך?	מה שלום טום?	שלום, מה תרצה?	מה שלום בתך?	שלום, מה שמך?
お元気ですか	3253201584	ja	he	こんにちは、エレナさん。お元気ですか？	היי אלנה, מה שלומך?	היי אנה, על מה את מסתכלת?	היי לורה, מה האוכל האהוב עליך?	היי מריה, האם את דוברת שפות רבות?	היי מריה, רוצה לדבר על בריאות?	תודה על ההתייחסות, אלנה!	הם כל כך כיף.
お元気ですか	1999652957	ja	he	こんにちは、ノラさん。お元気ですか？	היי נורה, מה שלומך?	היי נורה, איך היד שלך מרגישה?	היי, נורה. רוצה להתחתן מתישהו?	היי אמילי, איך את מרגישה היום?	היי איזבל, רוצה קפה?	היי לורה, מה האוכל האהוב עליך?	היי לאה, אני אוהבת אומנות.
お元気ですか	3657010586	ja	he	こんにちは、イザベル。お元気ですか？	היי איזבל, מה שלומך?	היי אמה, איך את מרגישה?	היי אמה, איך את מרגישה היום?	היי איזבל, רוצה קפה?	הי יסמין, ניסית אוכל צמחוני?	היי לאה, אני אוהבת אומנות.	מה את חושבת על מומחים, איזבל?
お元気ですか	2847711426	ja	he	こんにちは、イザベラさん。お元気ですか？	היי איזבלה, מה שלומך?	האם את אוהבת חיות מחמד, איזבלה?	היי איזבלה, את אוהבת ספורט?	היי אליס, איך את מרגישה?	היי אלה, הסלון שלך נראה נהדר!	היי איזבלה, אני אוהבת אומנות.	היי מאיה, למה את שומעת?
お元気ですか	3058722214	ja	he	こんにちは、アンナさん。お元気ですか？	היי אנה, מה שלומך?	היי סופיה, מה שלומך?	היי אנג'לה, מה שלומך היום?	היי אנה, את נראית עייפה.	היי איזבלה, מה שלומך?	היי לוסי, איך הולך?	מה אתה עושה היום?
さようなら	2840502289	ja	he	さようなら！	שלום.	תיהני!	חוששני.	נפצעתי.	הרגע.	אפצ'י!	התרוץ?
さようなら	2840502289	ja	he	さようなら！	להתראות!	בכל עת, לילי.	רעיון נהדר	אוהב את זה.	בסדר, טוב.	תודה, אוסקר!
さようなら	2244027687	ja	he	さようなら	להתראות	לְשַׁחְרֵר	שׁוּם	דֵעָה	מֶרחָב?	טִבעוֹנִי?	טָעוּת	טָעִים מְאוֹד!
さようなら	2840502289	ja	he	さようなら！	להתראות.	הושעתי.	מותר?	שבתי.	אבוא.	שוב.	שכחת?
さようなら	3332565216	ja	he	さようなら。	להתראות!	בכל עת, לילי.	רעיון נהדר	אוהב את זה.	בסדר, טוב.	תודה, אוסקר!
さようなら	3332565216	ja	he	さようなら。	שלום.	תיהני!	חוששני.	נפצעתי.	הרגע.	אפצ'י!	התרוץ?
さようなら	3332565216	ja	he	さようなら。	נתראה מאוחר יותר.	נתראה בבית החולים.	זה האתר הרשמי.	אנחנו טובים יותר.	נתראה בבית המשפט.	אנו זקוקים ליותר.	הכריחו אותה לוותר.
さようなら	3332565216	ja	he	さようなら。	להתראות בקרוב.	הם פרחחים.	סאמי שיקר.	באתי מוכנה.	התקררתי אתמול.	אינכם אמינים.	כולנו צחקנו.
さようなら	3332565216	ja	he	さようなら。	נתראה בקרוב.	הכל מסוכם.	אל תתאכזר.	שלמי בקופה.	אתה צהוב.	הרגע קמתי.	תום הוזז.
さようなら	3332565216	ja	he	さようなら。	ביי.	תשכב?	הותקפתי.	לימדתי.	הסתגלתי.	נהנתי.	מדברת.
さようなら	3332565216	ja	he	さようなら。	נתראה שוב.	מה אכלת?	תום מבעית.	מהרי בבקשה!	שאלתי שאלות.	רוצים להזמין?	עשינו טעויות.
さようなら	3332565216	ja	he	さようなら。	שלום ולהתראות.	הרגזתי אותך.	אני בדיאטה.	אתקשר אליהם.	שמעת משהו?	הוריי מתו.	כן, אדוני.
さようなら	3332565216	ja	he	さようなら。	להתראות.	הושעתי.	מותר?	שבתי.	אבוא.	שוב.	שכחת?
さようなら	3332565216	ja	he	さようなら。	להתראות בקרוב!	התלמידים עצלנים.	הוא סופר.	הם עבריינים.	אתם מפסידים.	זה לכולן.	מה אכלתם?
さようなら	3332565216	ja	he	さようなら。	נתראה אחר כך.	ובכן, זה מרגיז.	נתראה בסביבה, תום.	תום ציפה לכך.	נתראה בבית החולים.	אל תזלזלו בכך.	נתראה מחר בספריה.
さようなら	2840502289	ja	he	さようなら！	ביי.	תשכב?	הותקפתי.	לימדתי.	הסתגלתי.	נהנתי.	מדברת.
さようなら	2840502289	ja	he	さようなら！	שלום ולהתראות.	הרגזתי אותך.	אני בדיאטה.	אתקשר אליהם.	שמעת משהו?	הוריי מתו.	כן, אדוני.
さようなら	2840502289	ja	he	さようなら！	יום שני!	היי, דיאנה!	כמו ביקסבי?	כל כך מצחיק.	מלחמת הכוכבים!	וואו, באמת?
さようなら	4267030896	ja	he	彼女はさようならと言った。	היא אמרה "להתראות".	היא מדריכת יוגה.	זה מטריד אותך?	היא התאבדה ברעל.	הוא אמר "להתראות".	היא סופרת מוכשרת.
さようなら	1937523120	ja	he	とりあえずさようなら！	ביי בינתיים!	ולעשות פיקניקים.	אני אוהב את הטבע.	גם אני אוהב לקרוא!	הטבע מדהים.	זה נשמע מגניב!	הלייקרס שיחקו מצוין!
さようなら	472231190	ja	he	さようなら、ビクター。	או revoir, ויקטור.	בואו נצא החוצה!	לא תודה.	נשמע טוב	טיילור סוויפט.	זה מקסים!	מה עם באביב?
さようなら	3693770940	ja	he	彼女は「さようなら」と言った。	היא אמרה "להתראות".	היא מדריכת יוגה.	זה מטריד אותך?	היא התאבדה ברעל.	הוא אמר "להתראות".	היא סופרת מוכשרת.
さようなら	456645065	ja	he	さようなら、フランク！	להתראות פרנק!	לא, ברצינות.	בסדר, בסדר.	כל כך חצוף!
さようなら	4101900892	ja	he	さようなら、また明日ね。	להתראות עד מחר.	איך שהתיישבתי נרדמתי.	הוא תמיד אחר.	להתראות מחר במשרד.	להתראות בינתיים, תהנה.	אמצא מישהו אחר.	להתראות בשבוע הבא!
さようなら	1924015083	ja	he	彼は私にさようならも言わずに出ていった。	הוא יצא בלי לומר לי שלום.	הוא ברר את המילים שלו בקפידה.	הוא ירש את ההון של אביו.	אני יודעת מה תום ומרי רוצים שאעשה.	הקשב היטב. אתה צריך לדעת זאת.	הוא גאה בעובדה שאביו מדען חשוב.	הוא עזב את החדר בלי לומר מילה.
さようなら	551611761	ja	he	彼は「みなさんさようなら」といって立ち去った。	הוא אמר "שלום לכם, ידידיי" והלך.	כדי להחריף את מצב העניינים, הוא חלה.	אני יודע שזה לא מספיק טוב.	הוא נעדר מבית הספר במשך שבוע.	תום הראה למרי איך להשתמש במכונת הכביסה.	הוא לא צריך לוותר על התכנית.	הוא נדר נדר לנקום את מות חברו.
さようなら	946913911	ja	he	ドイツ語で「さようなら」を何と言いますか。	איך אומרים "להתראות" בגרמנית?	איך גוגל מרוויחה כסף?	עשה כמיטב יכולתך ותצליח.	איך והיכן יתבצעו ההחלטות?	איך הלך מבחן הבמה?	איך אומרים "חתול" בספרדית?	איך אומרים בהולנדית XXX?
さようなら	593263093	ja	he	ドイツ語で「さようなら」をどう言いますか。	איך אומרים "להתראות" בגרמנית?	איך גוגל מרוויחה כסף?	עשה כמיטב יכולתך ותצליח.	איך והיכן יתבצעו ההחלטות?	איך הלך מבחן הבמה?	איך אומרים "חתול" בספרדית?	איך אומרים בהולנדית XXX?
さようなら	477836317	ja	he	さようなら、アンナ。またすぐに話しましょう!	ביי אנה, נדבר איתך בקרוב!	האם אתה רוצה ללכת?	בטח, על מה נדבר?	דברו על זה עם חברים!	אנחנו צריכים לתכנן טיול בקרוב!	עם איזו חיה דיברת?	על מה דיברת?
またね	3273618165	ja	he	またね!	להתראות!	בכל עת, לילי.	רעיון נהדר	אוהב את זה.	בסדר, טוב.	תודה, אוסקר!
またね	2188970947	ja	he	またね！	להתראות!	בכל עת, לילי.	רעיון נהדר	אוהב את זה.	בסדר, טוב.	תודה, אוסקר!
またね	2188970947	ja	he	またね！	נתראה מאוחר יותר.	נתראה בבית החולים.	זה האתר הרשמי.	אנחנו טובים יותר.	נתראה בבית המשפט.	אנו זקוקים ליותר.	הכריחו אותה לוותר.
またね	2188970947	ja	he	またね！	נתראה!	ביאטריקס פוטר.	J.K. רולינג.	צוות נחמד!	אֵין בְּעָיָוֹת!	נשמע כיף!
またね	2188970947	ja	he	またね！	ביי.	תשכב?	הותקפתי.	לימדתי.	הסתגלתי.	נהנתי.	מדברת.
またね	2188970947	ja	he	またね！	נתראה שוב.	מה אכלת?	תום מבעית.	מהרי בבקשה!	שאלתי שאלות.	רוצים להזמין?	עשינו טעויות.
またね	3994889188	ja	he	またね。	להתראות.	הושעתי.	מותר?	שבתי.	אבוא.	שוב.	שכחת?
またね	2188970947	ja	he	またね！	להתראות.	הושעתי.	מותר?	שבתי.	אבוא.	שוב.	שכחת?
またね	2188970947	ja	he	またね！	אראה אותך מאוחר יותר.	נדאג לכך מאוחר יותר.	אתפנה לתום מאוחר יותר.	אראה את הנשיא בעצמי.	אצטרף אליך מאוחר יותר.	זהו תיקון חשוב ביותר.	אראה לכם כמה תמונות.
またね	2188970947	ja	he	またね！	אראה אותך בהמשך.	אראה אותך שוב.	החשמל הסטטי נמשך.	המחאה חייבת להימשך.	אראה אותך בבוקר.
またね	2188970947	ja	he	またね！	נתראה.	תתכבדו.	לשולחן!	חזרת?	קפוץ.	סיימנו?	אצעק.
またね	2188970947	ja	he	またね！	נתראה אחר כך.	ובכן, זה מרגיז.	נתראה בסביבה, תום.	תום ציפה לכך.	נתראה בבית החולים.	אל תזלזלו בכך.	נתראה מחר בספריה.
またね	3994889188	ja	he	またね。	נתראה שוב.	מה אכלת?	תום מבעית.	מהרי בבקשה!	שאלתי שאלות.	רוצים להזמין?	עשינו טעויות.
またね	3465843863	ja	he	じゃまたね。	אראה אותך בהמשך.	אראה אותך שוב.	החשמל הסטטי נמשך.	המחאה חייבת להימשך.	אראה אותך בבוקר.
またね	3465843863	ja	he	じゃまたね。	נתראה אחר כך.	ובכן, זה מרגיז.	נתראה בסביבה, תום.	תום ציפה לכך.	נתראה בבית החולים.	אל תזלזלו בכך.	נתראה מחר בספריה.
またね	3614495742	ja	he	じゃあ、またね。	נתראה מאוחר יותר.	נתראה בבית החולים.	זה האתר הרשמי.	אנחנו טובים יותר.	נתראה בבית המשפט.	אנו זקוקים ליותר.	הכריחו אותה לוותר.
またね	1873458488	ja	he	じゃ、またねっ！	נתראה שוב.	מה אכלת?	תום מבעית.	מהרי בבקשה!	שאלתי שאלות.	רוצים להזמין?	עשינו טעויות.
またね	1873458488	ja	he	じゃ、またねっ！	אראה אותך מאוחר יותר.	נדאג לכך מאוחר יותר.	אתפנה לתום מאוחר יותר.	אראה את הנשיא בעצמי.	אצטרף אליך מאוחר יותר.	זהו תיקון חשוב ביותר.	אראה לכם כמה תמונות.
またね	1873458488	ja	he	じゃ、またねっ！	אראה אותך בהמשך.	אראה אותך שוב.	החשמל הסטטי נמשך.	המחאה חייבת להימשך.	אראה אותך בבוקר.
またね	1873458488	ja	he	じゃ、またねっ！	נתראה אחר כך.	ובכן, זה מרגיז.	נתראה בסביבה, תום.	תום ציפה לכך.	נתראה בבית החולים.	אל תזלזלו בכך.	נתראה מחר בספריה.
またね	1873458488	ja	he	じゃ、またねっ！	נתראה מאוחר יותר.	נתראה בבית החולים.	זה האתר הרשמי.	אנחנו טובים יותר.	נתראה בבית המשפט.	אנו זקוקים ליותר.	הכריחו אותה לוותר.
またね	3614495742	ja	he	じゃあ、またね。	נתראה שוב.	מה אכלת?	תום מבעית.	מהרי בבקשה!	שאלתי שאלות.	רוצים להזמין?	עשינו טעויות.
またね	3614495742	ja	he	じゃあ、またね。	אראה אותך מאוחר יותר.	נדאג לכך מאוחר יותר.	אתפנה לתום מאוחר יותר.	אראה את הנשיא בעצמי.	אצטרף אליך מאוחר יותר.	זהו תיקון חשוב ביותר.	אראה לכם כמה תמונות.
またね	3614495742	ja	he	じゃあ、またね。	אראה אותך בהמשך.	אראה אותך שוב.	החשמל הסטטי נמשך.	המחאה חייבת להימשך.	אראה אותך בבוקר.
またね	3614495742	ja	he	じゃあ、またね。	נתראה אחר כך.	ובכן, זה מרגיז.	נתראה בסביבה, תום.	תום ציפה לכך.	נתראה בבית החולים.	אל תזלזלו בכך.	נתראה מחר בספריה.
またね	3465843863	ja	he	じゃまたね。	נתראה מאוחר יותר.	נתראה בבית החולים.	זה האתר הרשמי.	אנחנו טובים יותר.	נתראה בבית המשפט.	אנו זקוקים ליותר.	הכריחו אותה לוותר.
またね	3465843863	ja	he	じゃまたね。	נתראה שוב.	מה אכלת?	תום מבעית.	מהרי בבקשה!	שאלתי שאלות.	רוצים להזמין?	עשינו טעויות.
またね	3465843863	ja	he	じゃまたね。	אראה אותך מאוחר יותר.	נדאג לכך מאוחר יותר.	אתפנה לתום מאוחר יותר.	אראה את הנשיא בעצמי.	אצטרף אליך מאוחר יותר.	זהו תיקון חשוב ביותר.	אראה לכם כמה תמונות.
またね	2539661225	ja	he	明日、図書館でまたね。	ניפגש מחר בספרייה.	ניפגש איתו הלילה.	ניפגש ביום ראשון.	היא אוהבת שתייה.	להתראות מחר בספרייה.	קחו אתכם מטרייה.	עלה סומק בלחייה.
またね	2539661225	ja	he	明日、図書館でまたね。	להתראות מחר בספרייה.	להתראות בינתיים, תהנה.	זה רק ציפור.	המתן דקה בבקשה.	להתראות בארוחת הצהריים.	אתה צוחק ממני?	להתראות מחר במשרד.
おやすみなさい	2529972007	ja	he	おやすみなさい。	ליל מנוחה.	הכל באשמתך.	קראתי למונית.	זה מפתח.	אתם שוטרים?	בוא נחייך.	החלב גלש.
おやすみなさい	2529972007	ja	he	おやすみなさい。	לילה טוב.	האזינו לי!	לבשתי כסיות.	הוא מעצבן.	אני תייר.	פלא פלאים.	תום מטריד.
おやすみなさい	2529972007	ja	he	おやすみなさい。	לילה טוב!	נַצְרוּת.	נַעֲשָׂה!	קֶטשׁוֹפּ.	מַאְדִים!	חֲסִילוֹנִים!	וואו!
おやすみなさい	2605639160	ja	he	おやすみなさい、ジュリア。	ערב טוב יוליה.	האם את אוהבת אוכל צרפתי, ג'וליה?	את אוהבת מוזיקה, ג'וליה?	שיהיה לך ערב טוב.	היי ג'וליה, אוהב ספורט?	היי ג'וליה, איך את מרגישה?	יש לי צ'יפס ועוגיות.
おやすみなさい	3260965723	ja	he	おやすみなさい、ママ。	לילה טוב, אמא.	לילה דיממה בראש.	פעם גרתי ברומא.	אני חש מוחמא.	לילה טוב, אהובי.	אני מפחדת מאמא.	לילה טוב, מתוקה.
おやすみなさい	2801593610	ja	he	おやすみなさい、良い夢を！	לילה טוב, חלומות פז!	לילה לא הופיע לעבודה.	לילה לא ציפתה לוורדים.	הייתי רוצה לדבר אנגלית.	לילה טוב וחלומות פז!	לילה טוב. חלומות פז.
おやすみなさい	2801593610	ja	he	おやすみなさい、良い夢を！	לילה טוב. חלומות פז.	לילה טוב וחלומות פז!	ליל מנוחה וחלומות פז.	לילה טוב, וחלומות פז.	לילה טוב, וחלומות נעימים!	תום ישב על המדרגות.
おつかれさまでした	1531878697	ja	he	「おさきにしつれいします」「おつかれさまでした」	גמרתי להיום. "תודה."	היא סטרה לו.	גמרתי עם התירוצים.	גמרתי להתכונן למחר.	איפה אני פונה?	תום התחיל לקרוא.
ありがとう	784281511	ja	he	ありがとう。	תודה לכם!	אתם תורמים.	אתה קוקו.	תהיה בריא!	האלה תלמידיך?	מי ישתתף?	ימח שמו!
ありがとう	3399146234	ja	he	ありがとう！	תודות!	תִפסי!	בוא!	מכאן!	הצלחנו.	פיהקתי.	תאכל.
ありがとう	3399146234	ja	he	ありがとう！	תודה לכם!	אתם תורמים.	אתה קוקו.	תהיה בריא!	האלה תלמידיך?	מי ישתתף?	ימח שמו!
ありがとう	784281511	ja	he	ありがとう。	חן חן.	בוא נבטל.	תפסתי אותך.	אינני משועשע.	הייתי שמנה.	מי השופטים?	פשוט תירגע.
ありがとう	2424633394	ja	he	大丈夫ですよ、ありがとう。	אני בסדר, תודה.	אני יכול לעבוד על זה.	אני יודע, נכון?	אני בן עשרים	אולי אעשה זאת.	לא, אני צמחוני.	אה.  אני מצטער.
ありがとう	3399146234	ja	he	ありがとう！	תודה!	לוהט.	גיחכתי.	בדקנו.	דבר!	צעדתי.	לבריאות!
ありがとう	3399146234	ja	he	ありがとう！	תודה לך!	הרבה.	ד"ר סוס.	קריאה מהנה!	קנדריק לאמאר.	אֵין בְּעָיָוֹת!	בסדר, סיימתי!
ありがとう	3399146234	ja	he	ありがとう！	חן חן.	בוא נבטל.	תפסתי אותך.	אינני משועשע.	הייתי שמנה.	מי השופטים?	פשוט תירגע.
ありがとう	1388433059	ja	he	リマインダーをありがとう！	תודה על התזכורת!	תודה שדיברת איתי!	תודה על העצה, אליס.	תודה על העצה, אלה.	תודה על העצה, אמה!	תודה על העצה, גרייס.	תודה על הטיפ, ג'ורג'.
ありがとう	784281511	ja	he	ありがとう。	תוֹדָה.	אה	אלכסה.	בלוקים?	שׁוֹקוֹלַד.	פיבי.	מַה?
ありがとう	784281511	ja	he	ありがとう。	תודה!	לוהט.	גיחכתי.	בדקנו.	דבר!	צעדתי.	לבריאות!
ありがとう	2725120153	ja	he	ありがとう。大丈夫。	תודה, אצלי הכל בסדר.	תודה על כל פנים.	עדיין אינני חשה בסדר.	תום הופיע על המדרגות.	בוא נקווה שתום בסדר.	תודה על המסע הנפלא.	זה היה מבחינתי בסדר.
ありがとう	784281511	ja	he	ありがとう。	תודה לך!	הרבה.	ד"ר סוס.	קריאה מהנה!	קנדריק לאמאר.	אֵין בְּעָיָוֹת!	בסדר, סיימתי!
ありがとう	784281511	ja	he	ありがとう。	תודה.	תברח!	ישנת?	תחזיק?	בלום.	רימיתם.	התעטשתי.
ありがとう	784281511	ja	he	ありがとう。	תודות!	תִפסי!	בוא!	מכאן!	הצלחנו.	פיהקתי.	תאכל.
ありがとう	3399146234	ja	he	ありがとう！	תודה.	תברח!	ישנת?	תחזיק?	בלום.	רימיתם.	התעטשתי.
ありがとう	1332395664	ja	he	ありがとう、ブライアン。	תודה, בריאן.	בכל עת, פרנק.	אני יודע!	בסדר, בסדר.	אוקיי, תודה!	כל כך מצחיק.
ありがとう	895373423	ja	he	ありがとう、オリバー。	תודה, אוליבר.	בעצם כן.	אוהב אותך!	תודה, אוסקר!	החיוכים שלהם.	מה קרה?
ありがとう	1435970360	ja	he	ありがとう、サラ！	תודה, שרה!	קְצָת.	בחירה טובה.	גְלִידָה!	בסדר, מגניב!	מעל 100.	מוזיקת פופ
ありがとう	203064337	ja	he	ヒントをありがとう。	תודה עבור הרמז.	תודה שאמרת לי.	תודה עבור העדכונים.	תודה שבקשת ממני.	תום לא מתמזמז.	תודה עבור האוכל!	לחכם יספיק רמז.
ありがとう	203064337	ja	he	ヒントをありがとう。	תודה על הרמז.	תודה על התמונה.	תודה על מתנתך.	תודה על הכול.	תודה עבור הרמז.	תום לא מתמזמז.	לחכם די ברמז.
ありがとう	538127829	ja	he	ありがとう、おいしいです。	תודה, אלה טעימים.	גם טאקו טובים.	תודה שהמלצת!	תודה שהזכרת לי!	תודה על הטיפ, ג'ורג'.	הבצלים הם הבאים.	כן, גם זה נהדר.
ありがとう	1589848435	ja	he	スムージーありがとう！	תודה על השייק!	תודה על העצה, אמה!	תודה על ההתייחסות, אלנה!	תודה על הטיפ!	תודה על הטיפ, ג'ק.	תודה יסמין, זה עוזר.	תודה, אלה טעימים.
ありがとう	148574640	ja	he	本当にありがとう。	תודה רבה.	כדאי שתעזבי.	השתניתם מאד.	דאגת לי?	השמיים האפילו.	התקשרתי לתום.	הם בבית.
ありがとう	148574640	ja	he	本当にありがとう。	אלפי תודות.	ענו לתום.	תעקם כאן.	תום לוחמני.	מתי המבחן?	שתיקה כהודאה.	השארו קצת.
ありがとう	203064337	ja	he	ヒントをありがとう。	תודה על העצות.	תודה על אהבתך.	תודה על ההזמנה.	תודה שקפצת לכאן.	תודה על הבונבון.	תודה על תשובתך.	תודה, ותחזרי בהקדם.
ありがとう	227512256	ja	he	ありがとう、ケビン。	תודה קווין.	אה, נחמד!	לא תודה.	אוי מגניב.	נשמע טוב	נשמע מעולה!	דבר בטוח.
ありがとう	121525128	ja	he	素晴らしいですね、ありがとう！	נשמע מעולה, תודה!	לך לשחות.	זה קל!	נשמע טעים!	נשמע כמו יום טוב!	זה נשמע נורא, סמואל.	זה מצחיק!
ありがとう	1239369127	ja	he	アイデアをありがとう！	תודה על הרעיון!	בעיקר שירי פופ.	תודה על ההסבר!	תודה על ההשקעה שלך.	תודה, אליהו.	תודה, וויליאם!  	מה עוד אתה עושה?
ありがとう	148574640	ja	he	本当にありがとう。	חן חן.	בוא נבטל.	תפסתי אותך.	אינני משועשע.	הייתי שמנה.	מי השופטים?	פשוט תירגע.
ごめん	2151874588	ja	he	ごめん。	אני מצטערת.	תיכנס, ושב.	הגשר בשיפוץ.	מישהו מתבונן.	תום נשוי.	צא החוצה.	היית ביישן.
ごめん	2151874588	ja	he	ごめん。	אני מצטער.	אני יודע את זה.	אני מעולה!	אני מפחד.	אני מצטער, גרייס.	הו לא, אני מצטער.	תגיד שאתה מצטער.
ごめん	2151874588	ja	he	ごめん。	סליחה.	תחזיק?	קפוץ.	תיזהר!	נתחיל!	תצחקו.	הקשיבי!
ごめん	2151874588	ja	he	ごめん。	סלחו לי.	תום פושע?	תשארו איתי.	אנו האלופים.	את תפסידי.	היה חשוך.	הגשר סגור.
ごめん	2554234908	ja	he	ごめんね。	אני מצטער.	אני יודע את זה.	אני מעולה!	אני מפחד.	אני מצטער, גרייס.	הו לא, אני מצטער.	תגיד שאתה מצטער.
ごめん	3964358132	ja	he	ごめんなさい。	אני כל כך מצטער.	הייתי עסוק.	אני מצטער, גרייס.	אני עייף.	אני מצטער לשמוע את זה.	תגיד שאתה מצטער.	מצטער לשמוע את זה.
ごめん	2151874588	ja	he	ごめん。	צר לי.	תבוא מחרתיים.	קלטתי אותך.	קבוצתנו נכשלה.	אתה כשרוני.	זה מטמטם.	אנו המומים.
ごめん	2151874588	ja	he	ごめん。	סלח לי.	תודה. "בבקשה".	אתה חתוך?	אלו אחים?	עקבי אחריי.	המתנתי שעות.	נרתעתי לאחור.
ごめん	2151874588	ja	he	ごめん。	סלחי לי.	נהגתי הביתה.	תום נחתך.	נדאג לכך.	קמתי בשש.	היא מתה.	אני מסתדרת.
ごめん	2524545746	ja	he	待たせてごめん。	אני מצטער שגרמתי לך לחכות.	אני מסוגל לנהל את זה.	אני מצטערת שנתתי לך לחכות.	אני לא רוצה להגיד כלום.	אני יכול לקחת אתכם לתום.	אני מצטער שנתתי לך לחכות.
ごめん	2093039163	ja	he	遅れてごめん。	אני מתנצלת מאוד על האיחור.	אני לא יכול לאכול עוד.	הוא התנצל בפנינו על האיחור.	אני לא מוצאת את הנוסחה.	אני רודפת אחרי התשובה השגויה.	כמו תמיד היא הגיעה באיחור.	היא סירבה לקבל את עזרתו.
ごめん	2093039163	ja	he	遅れてごめん。	אני מצטער על האיחור.	כנסי האספרנטו מועילים מאוד.	אני אמור לדבר איתך.	בבקשה תסבירי את האיחור.	אני לא מצליח לישון.	אני חושב שמצאנו אחד.	הוא התנצל על האיחור.
ごめん	2093039163	ja	he	遅れてごめん。	צר לי על האיחור.	צר לי, המלאי נגמר.	סלחי לי על האיחור.	צר לנו על מותו.	צר לי לשמוע זאת.	היא חבשה כובע שחור.
ごめん	798900556	ja	he	本当にごめんなさい。	אז סליחה.	טוב, תודה.	יריבות נחמדה!	נשמע טעים.	דבר בטוח.	אנחנו נעשה!	כן, בטח.
ごめん	2524545746	ja	he	待たせてごめん。	סליחה שהיית צריך לחכות.	ארוחת הערב יכולה לחכות.	סליחה.. - אן התערבה.	סליחה, הבית קצת הפוך.	הניתוח לא יכול לחכות.	אתה צריך לבקש סליחה.	סליחה שהיית צריכה לחכות.
ごめん	2524545746	ja	he	待たせてごめん。	אני מצטער שנתתי לך לחכות.	אני מצטער שגרמתי לך לחכות.	אני רוצה שתתנהל אתם בניחותא.	אני מצטער שגרמתי לך לבכות.	אני יודעת איפה תום נולד.	אני מצטערת שנתתי לך לחכות.	אני מצטער, אני חוזר בי.
ごめん	2093039163	ja	he	遅れてごめん。	תסלח לי על האיחור.	סלח לי על האיחור.	תסלח לי לרגע, בבקשה?	תסלחו לי על האיחור.	טום ומרי נפגשו במסיבה.	הוא מדבר סחור סחור.
ごめん	2093039163	ja	he	遅れてごめん。	סלח לי על האיחור.	סלח לי על ההתערבות.	סלח לי על השאלה.	סלח לי לשניה אחת.	סִלחו לי על האיחור.	הוא חמד של בחור.	אני אשתה קפה שחור.
ごめん	542458224	ja	he	ごめん帰らなきゃ。	מצטער, אני חייב ללכת.	אינני יכול להמשיך ללכת.	מצטער, אני חייב לזוז.	מצטער, אבל המלאי נגמר.	מצטער, יש לי לקוח.	עכשיו הגיע זמנך ללכת.	למענך אתה צריך ללכת.
ごめん	2093039163	ja	he	遅れてごめん。	סליחה שאיחרתי.	אתה רדום?	זה אדום.	הייתי חדש.	דאגתי לשוא.	תבחן אותם.	שיהיה ככה!
ごめん	552801596	ja	he	ごめん、名前何だっけ？	סליחה, מה היה שמך?	סליחה שאני שוטה כזה.	סליחה! בטעות הקלקתי "שלח".	סליחה שלא סמכתי עליך.	מה אומר עליך שמך?	שמי טמאקו, מה שמך?
ごめん	2093039163	ja	he	遅れてごめん。	צר לי על שאחרתי.	צר לי שהלכתי לשם.	צר לי על האיחור.	צר לי, המלאי אזל.	הוא ביקש את עזרתי.	העם דורש צדק חברתי.	אני יודעת מה אמרתי.
ごめん	2093039163	ja	he	遅れてごめん。	אני מצטער שאיחרתי.	אני חייב לסרב.	אני ממש מצטער.	אני בסכנה תמידית.	שיניתי את השערתי.	תום אינו תקשורתי.	אני מכורה לטלוויזיה.
ごめん	2093039163	ja	he	遅れてごめん。	מצטער על האיחור.	מצטער, לא הבנתי.	אני מה-זה באיחור.	מצטער על ההפרעה.	הבנות הושארו מאחור.
ごめん	2093039163	ja	he	遅れてごめん。	סליחה על האיחור.	נא להתרחק לאחור.	סליחה על הברדק.	סליחה, תוכל לחזור?	הגעת לעבודה באיחור.	סליחה, הערתי אותך?	לבחור שיער שחור.
ごめん	2093039163	ja	he	遅れてごめん。	סִלחו לי על האיחור.	סלחי לי על האיחור.	תסלח לי על האיחור.	צר לי על הטרחה.	תסלחו לי על האיחור.	העכבר רץ לתוך החור.
ごめん	2093039163	ja	he	遅れてごめん。	סליחה שאחרתי.	יום טוב!	הלכנו לאיבוד.	הם ענו?	תום התמתן.	תום אומלל.	נכשלתי אנושות.
ごめん	2093039163	ja	he	遅れてごめん。	תסלחי לי על האיחור.	איש לא הגיע באיחור.	אני אשתה קפה שחור.	תסלחו לי על האיחור.	צר לי על הטרחה.	סִלחו לי על האיחור.
ごめん	2093039163	ja	he	遅れてごめん。	מצטערת שאיחרתי.	תום ממולא.	ספר לי.	מי נעמד?	הוא אביך.	הגבתי מיד.	תום התוודה.
ごめん	2387964502	ja	he	あっ、ごめんなさい。	אך, סלח לי.	לא מזיז לי.	הם ירו בי.	אך החיים קצרים!	ההר מכוסה שלג.	זה לא כספי.	אך, כמה טעיתי.
すみません	87126197	ja	he	すみません。	צר לי.	תבוא מחרתיים.	קלטתי אותך.	קבוצתנו נכשלה.	אתה כשרוני.	זה מטמטם.	אנו המומים.
すみません	3592232863	ja	he	すみません...	מצטער.	נהגתי.	תודה!	חתמת?	נבהלתי.	זכית?	ננטשת.
すみません	815697309	ja	he	すみませんね。	סליחה.	תחזיק?	קפוץ.	תיזהר!	נתחיל!	תצחקו.	הקשיבי!
すみません	87126197	ja	he	すみません。	סליחה.	תחזיק?	קפוץ.	תיזהר!	נתחיל!	תצחקו.	הקשיבי!
すみません	815697309	ja	he	すみませんね。	אני מצטערת.	תיכנס, ושב.	הגשר בשיפוץ.	מישהו מתבונן.	תום נשוי.	צא החוצה.	היית ביישן.
すみません	87126197	ja	he	すみません。	תודה!	לוהט.	גיחכתי.	בדקנו.	דבר!	צעדתי.	לבריאות!
すみません	87126197	ja	he	すみません。	ברשותך.	החלטת?	פישלתי.	התגרתי.	התבגרנו.	בסדר.	גיהקתי.
すみません	815697309	ja	he	すみませんね。	סלח לי.	תודה. "בבקשה".	אתה חתוך?	אלו אחים?	עקבי אחריי.	המתנתי שעות.	נרתעתי לאחור.
すみません	815697309	ja	he	すみませんね。	סלחי לי.	נהגתי הביתה.	תום נחתך.	נדאג לכך.	קמתי בשש.	היא מתה.	אני מסתדרת.
すみません	3592232863	ja	he	すみません...	מצטערת.	הצטופפת?	התאכזבת?	איזה?	אחרתי.	טגן.	נפצענו.
すみません	815697309	ja	he	すみませんね。	סלחו לי.	תום פושע?	תשארו איתי.	אנו האלופים.	את תפסידי.	היה חשוך.	הגשר סגור.
すみません	87126197	ja	he	すみません。	סלח לי.	תודה. "בבקשה".	אתה חתוך?	אלו אחים?	עקבי אחריי.	המתנתי שעות.	נרתעתי לאחור.
すみません	87126197	ja	he	すみません。	חן חן.	בוא נבטל.	תפסתי אותך.	אינני משועשע.	הייתי שמנה.	מי השופטים?	פשוט תירגע.
すみません	815697309	ja	he	すみませんね。	סליחה על כך.	תום יודיע למרי.	כולם חשבו כך.	הוא התרכז בכך.	סליחה, איפה הביצים?	סליחה על הטרחה.	אינני גאה בכך.
すみません	87126197	ja	he	すみません。	אני מצטער.	אני יודע את זה.	אני מעולה!	אני מפחד.	אני מצטער, גרייס.	הו לא, אני מצטער.	תגיד שאתה מצטער.
すみません	87126197	ja	he	すみません。	סלחי לי.	נהגתי הביתה.	תום נחתך.	נדאג לכך.	קמתי בשש.	היא מתה.	אני מסתדרת.
すみません	87126197	ja	he	すみません。	אני מצטערת.	תיכנס, ושב.	הגשר בשיפוץ.	מישהו מתבונן.	תום נשוי.	צא החוצה.	היית ביישן.
すみません	815697309	ja	he	すみませんね。	צר לי.	תבוא מחרתיים.	קלטתי אותך.	קבוצתנו נכשלה.	אתה כשרוני.	זה מטמטם.	אנו המומים.
すみません	87126197	ja	he	すみません。	תסלח לי.	תום מחא?	אנו הולכים.	כתיבתו נוראית.	מסתכלים עלינו.	עדיף שתלכי.	הפסק להתווכח.
すみません	815697309	ja	he	すみませんね。	אני מצטער.	אני יודע את זה.	אני מעולה!	אני מפחד.	אני מצטער, גרייס.	הו לא, אני מצטער.	תגיד שאתה מצטער.
すみません	87126197	ja	he	すみません。	סלחו לי.	תום פושע?	תשארו איתי.	אנו האלופים.	את תפסידי.	היה חשוך.	הגשר סגור.
すみません	2032798886	ja	he	失礼。すみません。	ברשותך.	החלטת?	פישלתי.	התגרתי.	התבגרנו.	בסדר.	גיהקתי.
すみません	1701644957	ja	he	ちょっとすみません。	ברשותך.	החלטת?	פישלתי.	התגרתי.	התבגרנו.	בסדר.	גיהקתי.
すみません	2032798886	ja	he	失礼。すみません。	תסלח לי.	תום מחא?	אנו הולכים.	כתיבתו נוראית.	מסתכלים עלינו.	עדיף שתלכי.	הפסק להתווכח.
すみません	2032798886	ja	he	失礼。すみません。	סלחו לי.	תום פושע?	תשארו איתי.	אנו האלופים.	את תפסידי.	היה חשוך.	הגשר סגור.
すみません	368595301	ja	he	すみません、不在のようです。	סליחה אדוני, אני חושש שייתכן שהוא לא בנמצא.	סליחה, הרשה לי לציין שלוש שגיאות במאמר לעיל.	סליחה, תוכל להראות לי את רשיון הנהיגה שלך?	טום חשב שזה רעיון רע לעשות את זה.	איך זה שלא ידעתי על קיומו של מקום זה?	סליחה. תוכל להראות לי את הכיוון לתחנת המטרו הקרובה?	הולך רגל רשלן חושף את עצמו לסכנה גדולה.
すみません	1701644957	ja	he	ちょっとすみません。	תסלח לי.	תום מחא?	אנו הולכים.	כתיבתו נוראית.	מסתכלים עלינו.	עדיף שתלכי.	הפסק להתווכח.
すみません	1701644957	ja	he	ちょっとすみません。	סליחה.	תחזיק?	קפוץ.	תיזהר!	נתחיל!	תצחקו.	הקשיבי!
すみません	1701644957	ja	he	ちょっとすみません。	סלחי לי.	נהגתי הביתה.	תום נחתך.	נדאג לכך.	קמתי בשש.	היא מתה.	אני מסתדרת.
すみません	1701644957	ja	he	ちょっとすみません。	סלח לי.	תודה. "בבקשה".	אתה חתוך?	אלו אחים?	עקבי אחריי.	המתנתי שעות.	נרתעתי לאחור.
お願いします	1034248107	ja	he	お願いします。	אנא, עשה זאת.	אנא עצור שם.	עשן עולה מהקמין.	עליך לעשות זאת.	אנא בוא שוב.	אנא, עזור לנו!	כבר עשית זאת.
お願いします	2883455215	ja	he	IPAでお願いします。	IPA בבקשה.	14:00.	ברצלונה FC!	אולי מתישהו.	בחירה נחמדה!	צוות נחמד!	יעשה!
お願いします	1034248107	ja	he	お願いします。	בבקשה.	אחיי!	ידעתי.	אעשה.	אארוז.	שכחנו.	נטוש.
お願いします	2830485180	ja	he	モヒートをお願いします。	אני אקח את המוחיטו.	מוחיטו בבר החדש הזה במרכז העיר.	יש לך תחביבים?	הנה, תשתה משהו.	אני אוהב משחקי פעולה.	יש להם תוכנית	יש לנו אדום ולבן.
お願いします	2112290505	ja	he	お静かにお願いします。	שמור על השקט בבקשה.	הוא עבד אתמול קשה.	שמור על העמדה בהעדרי.	שמור על הסבא שלך.	לדעתי זה מבחן קשה.	אל תיגעי בי בבקשה.	שמור על קשר בבקשה.
お願いします	900598098	ja	he	マンゴーモヒートをお願いします！	אני אוכל מוחיטו מנגו, בבקשה!	יש לכם מנות אהובות?	אהבתי את הפפרוני החריף.	אני חושב שאתה ממש תהנה מזה.	הייתי אומר בערך 20-25 עוגיות.	אני אצטרך לנסות את זה מתישהו.	אני אצטרך לנסות אותם מתישהו.
お願いします	1836057719	ja	he	勘定書をお願いします。	אפשר לקבל חשבון?	אפשר להגיד משהו?	לא, אני עייף.	אפשר לדבר אתכם?	היום אני משלם!	אפשר להפריע לרגע?
お願いします	1836057719	ja	he	勘定書をお願いします。	חשבון, בבקשה.	תום עִפעֵף.	מי הראשון?	תנסה להתנגד.	הם יענו.	תום לחש.	המשך לחייך.
お願いします	1836057719	ja	he	勘定書をお願いします。	אפשר לקבל את החשבון, בבקשה?	אפשר לדעת מה שמך, בבקשה?	אפשר להפגש איתך במקום כלשהו?	אפשר לתת לך עצה ידידותית?	אפשר להביא לכם קצת קפה?	תוכלי לדבר לאט יותר, בבקשה?	תשאיר את החלונות פתוחים, בבקשה.
お願いします	1836057719	ja	he	勘定書をお願いします。	אבקש חשבון.	עליה לבוא.	זה יסודי.	טום השתפן.	תום סונוור.	רציתי לרקוד.	תום מתייסר.
お願いします	911251352	ja	he	勘定お願いします。	את החשבון, בבקשה.	את נראית טוב.	את בת דודי?	נשום עמוק, בבקשה.	פנה ימינה בבקשה.	את מלכת יופי.	שילמתי את החשבון.
お願いします	121910837	ja	he	お肉をお願いします。	בשר, בבקשה.	את רוסיה?	אל תפריעו.	מוצאי מסייטאמה.	היא דיקטטור.	אתה תיהרג!	תום התחסן.
お願いします	911251352	ja	he	勘定お願いします。	חשבון, בבקשה.	תום עִפעֵף.	מי הראשון?	תנסה להתנגד.	הם יענו.	תום לחש.	המשך לחייך.
お願いします	1093274823	ja	he	至急お願いします。	זה דחוף.	תבחן אותן.	זה עזר?	אתה מתאבק?	אתה למטה?	היו פשרות.	יש עוד?
お願いします	1420119898	ja	he	お愛想お願いします。	את החשבון, בבקשה.	את נראית טוב.	את בת דודי?	נשום עמוק, בבקשה.	פנה ימינה בבקשה.	את מלכת יופי.	שילמתי את החשבון.
お願いします	1836057719	ja	he	勘定書をお願いします。	אפשר לקבל חשבון, בבקשה?	אתה חייב להשאר במיטה.	אתה יכול לקום בבקשה?	אפשר להבין את כעסו.	תוכל לצלם אותי בבקשה?	אפשר להעיף בזה מבט?	אפשר להציע שתייה קלה?
お願いします	391518805	ja	he	ビルをお願いします。	אני יכול לדבר עם ביל?	אני יכול לקבל שקית נייר?	אני אוהב את כולכם מאד.	אני סומך עליו במאה אחוז.	בלילה הקודם חלמתי חלום מוזר.	יש לתרופה הזאת תופעות לוואי?	אני עומדת לכתוב משפט בגרמנית.
お願いします	236045875	ja	he	何か一言お願いします。	תגידי משהו.	זה הכרחי.	היתה בעיה.	דאגתי לשוא.	כמה מגניב!	התרכזתי בהרצאה.	טום פוטוגני.
お願いします	391518805	ja	he	ビルをお願いします。	אפשר לדבר עם ביל?	אלה עוגות מעשה ידיה.	אפשר לבכות מתחת למים?	לדבר אנגלית זה קשה.	אפשר להישאר עוד רגע?	האם המחיר הזה קביל?	אפשר להשתמש במכונית שלך?
お願いします	236045875	ja	he	何か一言お願いします。	אמור משהו.	הטבע מפחיד.	בכל הכבוד.	מי שמך?!	הנדתי בחזרה.	מהו טטואבה?	אתה מסוים?
お願いします	236045875	ja	he	何か一言お願いします。	תגיד משהו.	האזינו לי!	אני משתעמם.	הפסיקו לצחוק.	אתה הוטעית.	אתם מרמים.	מצאנו אותו.
お願いします	1443367989	ja	he	黒をお願いします。	שחור בבקשה.	מספיק הוגן.	אני כן.	זה כן!	לא, ברצינות.	בסדר, טוב.	להתראות!
お願いします	236045875	ja	he	何か一言お願いします。	תגידו משהו.	דיברנו צרפתית.	הגענו לפשרה.	תום כייפי.	אתה ברברי.	פניך אדומות.	שב זקוף.
お願いします	1420119898	ja	he	お愛想お願いします。	חשבון, בבקשה.	תום עִפעֵף.	מי הראשון?	תנסה להתנגד.	הם יענו.	תום לחש.	המשך לחייך.
お願いします	911251352	ja	he	勘定お願いします。	אבקש חשבון.	עליה לבוא.	זה יסודי.	טום השתפן.	תום סונוור.	רציתי לרקוד.	תום מתייסר.
お願いします	911251352	ja	he	勘定お願いします。	חשבון בבקשה.	אתה מורתע?	תום צרח.	תום עייף.	את כאן.	אנו שכנים.	נחנקתי מעשן.
お願いします	236045875	ja	he	何か一言お願いします。	אמרי משהו.	אל תשכחי!	פניך מלוכלכות.	תכנס לחדר.	המשיכו כך.	יריתי בתום.	אתמוך בו.
お願いします	911251352	ja	he	勘定お願いします。	אפשר לקבל חשבון?	אפשר להגיד משהו?	לא, אני עייף.	אפשר לדבר אתכם?	היום אני משלם!	אפשר להפריע לרגע?
お願いします	911251352	ja	he	勘定お願いします。	את החשבון בבקשה.	פחות המולה בבקשה.	תפסיק להשבע בבקשה.	את חסרת סבלנות.	את נשמעת יפה.	את נראית ספקנית.	שילמתי את החשבון.
お願いします	1315610230	ja	he	僕もビーフをお願いします。	גם אני רוצה בקר.	גם אני מתגעגע אליך!	הלילה אשתה הרבה וארקוד.	גם הוא קנה מילון.	הוא למד לגדל בקר.	גם אני כמעט בכיתי.	אני רוצה בשר בקר.
ください	1932765896	ja	he	2つください。	תן לי לקבל שניים.	בואו לגלות!	בואו נתחתן.	בואו נתכנן את זה.	כן, בוא נלך!	כן, בוא נלך להביא קצת!	כן, בואו נעשה את זה!
ください	830775295	ja	he	お入りください。	תיכנסי בבקשה.	התכוונו לטוב.	תום קשוב.	תום נכשל?	אתם חולמים?	הם נמעכו.	זה אבסורד.
ください	155273857	ja	he	お水をください。	מים בבקשה.	תום ערק.	זה מטופש.	כולם יודעים.	שחיתי בנהר.	הוא ימני.	תבחני אותן.
ください	883835294	ja	he	お座りください。	אנא שב.	אתן יפות.	אתה מנקה?	תגיד שלום.	טעיתי לגמרי.	בבקשה תמשיכי.	תגיע לעיקר.
ください	830775295	ja	he	お入りください。	תיכנס בבקשה.	הזמנתי מקום.	תחפש רמזים.	הבירה מרה.	אתם כעורים.	זה נבון?	אינך מסופק?
ください	830775295	ja	he	お入りください。	בואי הכנסי פנימה.	בואי נלך לרקוד.	ג'יין ילדה מקסימה.	תום היה פנטסטי.	בואי מוקדם הביתה.	שמך נמחק מהרשימה.	תיכנסי בבקשה פנימה.
ください	1288370612	ja	he	ヒントをください。	תן לי רמז.	תן ניחוש פרוע.	תן לו ערבוב.	תום לא זז.	כבי את הגז.	תן לי תשובה!	תתנו לי רמז?
ください	425311050	ja	he	ビールをください。	בירה, בבקשה.	שמי הופקינס.	איפה משקפיי?	אבי מעשן.	נישאר בקשר.	אני מתרשם.	נו, ו...?
ください	883835294	ja	he	お座りください。	נא לשבת.	כולם רותחים.	הם מאושרים.	מישהו בבית?	אני באה.	איזו מציאה!	הועמדו תנאים.
ください	883835294	ja	he	お座りください。	שבי בבקשה!	כמה כמה?	העניין מסודר.	התמימות יפיפיה.	תרגע, בחור.	איפה אביך?	כולם משתנקים.
ください	998891526	ja	he	お試しください。	אנא, נסה אחד.	היא רעדה מפחד.	בוא נרקוד יחד.	אנא בואו לכאן.	גמרנו לדבר עכשיו.	אנא קרא אחרי.	אנא המשך לאחוז.
ください	804482429	ja	he	これください。	אקח את זה.	טעם את זה.	אקח אותך אליה.	אקח אותך הביתה.	תחמם את זה.	תום לא ענה.	חם מאד היום!
ください	830775295	ja	he	お入りください。	היכנסי בבקשה.	זה רחוק?	כולם דומים.	הם חד-פעמיים.	את באה?	אתה רגיש?	תודה שהתקשרתם.
ください	830775295	ja	he	お入りください。	בוא תיכנס.	תום טרחן.	תרכיב משקפיים.	לא חשוב.	לכי בעקבותיו.	איך ההורים?	תום הוכה.
ください	425311050	ja	he	ビールをください。	בירה בבקשה.	המצב רדום.	הם יתקיפו.	זה פורק.	חכה למשטרה.	זה רעיל?	תום בוקר.
ください	1288272460	ja	he	私にハンバーガーをください。	תן לי בבקשה המבורגר.	תן לי את זה.	תן לי כבר נשיקה.	תני לי קבלה, בבקשה.	תן לי קפה בבקשה.	תן לי שניה, טוב?	עזור לי במטבח בבקשה.
ください	270942632	ja	he	冷たいのをください。	אני רוצה את זה קריר.	אני רוצה לאכול מרק חם.	אני חושב שאני מקבל בחילה.	אני יכול לקבל בהשאלה עט?	אני לוקח את ההגה לידי.	אני שונאת את הגוף שלי.	אני הכי אוהבת את הסתיו.
ください	156319767	ja	he	お楽しみください！	תהנה שלך!	14:00.	אוי מגניב.	הפטריוטים.	אנחנו נעשה!	מי שר?	מי ניצח?
ください	883835294	ja	he	お座りください。	שבי בבקשה.	תום שיקר?	אנו הרפתקנים.	חובותיו מצטברים.	תום חסון.	הכאב עבר.	שלושתנו סטודנטים.
ください	883835294	ja	he	お座りください。	שב בבקשה.	איזו אבידה!	כולם חייכו.	תצטרפו אלינו.	תום מתנועע.	אתם רגשניים.	חלמתי עליכם.
ください	883835294	ja	he	お座りください。	שבו בבקשה.	הם מטומטמים.	היכן הנער?	אלה אמיתיים.	אתם פסימיסטים.	שמועות עפות.	אתם בדכאון.
ください	883835294	ja	he	お座りください。	תתיישבו בבקשה.	תום זועם.	שניהם מחייכים.	קח הכול.	תשארו מאחור.	תרד ממנה.	ערוך תחזית.
ください	641245782	ja	he	コークをください。	קולה בבקשה.	החיים מהנים.	תום פיזיקאי.	תהיה הוגן.	אתה טעון.	הייתי בודדה.	היא עדינה.
ください	998891526	ja	he	お試しください。	אנא, נסי אחד.	הוא התחיל לפחד.	מרי מצאה אחד.	אנא התקשר אלי.	אנא, שתה משהו.	אנא בוא לכאן.	תום צריך אחד.
ください	1081087877	ja	he	ジュースをください。	קצת מיץ בבקשה.	שבו פה בבקשה.	אנא תהיה זהיר.	אני עובד קשה.	קצת סוכר בבקשה.
ください	394099556	ja	he	手紙をくださいね。	כתוב לי לפעמים.	כתוב את זה.	הם לא מקנאים.	יש לתום גמלים.	כתוב באופן מובן!	כתוב לי משהו.	לא כולם ישרים.
ください	830775295	ja	he	お入りください。	בוא כנס פנימה.	תום רץ פנימה.	בוא מחר בבוקר.	בוא נגיע לפשרה.	אני מבין למה.	לא, לא באמת.	בוא נעיף מבט.
ください	830775295	ja	he	お入りください。	בואי תיכנסי.	זה מביך.	ביקרתי ברומא.	חזרו מחר.	אני מתבדח.	הקו תפוס.	הכל כמתוכנן.
ください	830775295	ja	he	お入りください。	בואו הכנסו פנימה.	בואו לא נלך.	בואו ננוח כאן.	פניו התעוותו מאימה.	הוא התפרץ בחימה.	היא נכנסה פנימה.	בואו נאכל סושי.
ください	998891526	ja	he	お試しください。	אנא, נסו אחד.	אנא התעזר בסבלנות.	נא להישאר ביחד.	אנא תעזרי לזה!	נא לקחת אחד.	אנא עצור שם.	פשוט קחו אחד.
