おはよう	1094191284	ja	en	おはよう！	Good morning!	You shithead!	Pua sings.	Morning, sleepyhead!	Everyone attended.	They confessed.	If only!
おはよう	990717638	ja	en	やぁ、トム。おはよう。	Hello, Tom. Good morning.	Morning is never good.	Good morning, your excellence!	The spruce is returning.	Tom shaves every morning.	Tom has been convicted.	Hi, Tom. Good morning!
おはよう	34542788	ja	en	おはようございます。	Good morning.	Yanni called.	Stuff it.	Everybody smiled.	Hey, Jim!	I sobbed.	Lorenzo shivered.
おはよう	2548321059	ja	en	おはよう、ウィリアム！	Good morning, William!	Every Sunday morning.	Good baking, Lily!	Good fuel for the body.	Good luck with that!  	Good morning, Kevin!	I love you, William.
おはよう	1111708082	ja	en	おはよう、ベンジャミン。	Morning, Benjamin.	Hi, Laura.	I see.	Like Bixby?	Sounds perfect.	Whoa, really?
おはよう	2685352875	ja	en	皆さんおはよう。	Good morning, everyone.	Good morning, Mike.	Good morning. "Coffee."	Sami fooled everyone.	Good job, everybody.	He criticizes everyone.	Good morning, baby.
おはよう	3761005663	ja	en	おはよう、ミラ！	Morning, Mila!	Chips, please.	Me three!	Pop music.	Star Wars!	The Avengers.	Very good.
おはよう	3785569186	ja	en	おはよう、マイク。	Good morning, Mike.	Best regards, Silja.	Good to know.	Mike likes cats.	Good job, everybody.	Good morning, baby.	Good morning, Mom.
おはよう	3816760935	ja	en	おはよう諸君。	Good morning, everyone.	Good morning, Mike.	Good morning. "Coffee."	Sami fooled everyone.	Good job, everybody.	He criticizes everyone.	Good morning, baby.
おはよう	65573135	ja	en	おはよう、ケビン！	Good morning, Kevin!	Every Sunday morning.	Good morning, Eva!	Good morning, William!	Good to hear that.	Me too, Kevin.	Yes... me too, Kevin.
おはよう	1887691292	ja	en	おはようございます！	Good morning.	Yanni called.	Stuff it.	Everybody smiled.	Hey, Jim!	I sobbed.	Lorenzo shivered.
おはよう	2257534850	ja	en	おはよう、ダイアナ！	Morning, Diana!	No, seriously.	Not true.	See you!	Thanks, Oscar!	Thanks, William!	That works.
おはよう	4088532903	ja	en	トム、おはよう。	Good morning, Tom.	Happy birthday, Mom.	I embarrassed Tom.	Good-bye, Sayoko!	Sweet dreams, Timmy.	Nobody knows Tom.	Good luck, Yanni.
おはよう	4270994480	ja	en	お母さん、おはよう。	Good morning, Mom.	Good. No absentees.	Good morning, Algeria.	Good evening, ladies.	Good morning, princess.	Good morning. "Coffee."	Good morning. "Morning."
おはよう	2524584358	ja	en	おはよう。起きる時間だよ。	Good morning. It's time to get up.	Good thing all the passengers were wearing seat belts.	Last year I met a pretty Swedish dancer.	It's rare to find big yards in Japan.	What time did you go to sleep this morning?	He fell down, he did not get up.	Morning is my favorite time of the day.
おはよう	721729496	ja	en	おはよう。よく眠れた？	Good morning. Did you sleep well?	Most politicians are lying shitty people.	I've had a good sleep.	Good thing you're doing better.	Long skirts are out of fashion now.	Nothing beats a good night's sleep.	Sulfuric acid is stronger than acetic acid.
おはよう	999876716	ja	en	おはよう！どこ行きたい？	Good morning! Where do you want to go?	Just how far back do you want to go?	He doesn't want to pay for the food.	I want a person who can speak French.	I want my kids to be good at Berber.	Good care should be taken of the pearl.	I don't want to run into Tom today.
おはよう	841672396	ja	en	先生、おはようございます！	Good morning, doctor!	Good morning, Algeria.	Good night, Daddy.	Good night, Dan.	Good morning, honey.	Good job, guys!	Good morning, Mama.
おはようございます	34542788	ja	en	おはようございます。	Good morning.	Yanni called.	Stuff it.	Everybody smiled.	Hey, Jim!	I sobbed.	Lorenzo shivered.
おはようございます	4083747685	ja	en	皆さん、おはようございます。	Good morning, everyone.	Good morning, Mike.	Good morning. "Coffee."	Sami fooled everyone.	Good job, everybody.	He criticizes everyone.	Good morning, baby.
おはようございます	841672396	ja	en	先生、おはようございます！	Good morning, doctor!	Good morning, Algeria.	Good night, Daddy.	Good night, Dan.	Good morning, honey.	Good job, guys!	Good morning, Mama.
おはようございます	4183162688	ja	en	おはようございます、エヴァ！	Good morning, Eva!	Every Sunday morning.	Good baking, Lily!	Good luck with that!	Thanks for listening, Eva.	What a morning	You are brave, Eva.
おはようございます	4083747685	ja	en	皆さん、おはようございます。	Good morning, everybody.	Everybody knows everybody.	Good to know.	Good morning, handsome.	Good afternoon, everybody.	Good morning, everyone!	Good morning, Mike.
おはようございます	2817240098	ja	en	皆様、おはようございます。	Good morning, everyone.	Good morning, Mike.	Good morning. "Coffee."	Sami fooled everyone.	Good job, everybody.	He criticizes everyone.	Good morning, baby.
おはようございます	2817240098	ja	en	皆様、おはようございます。	Good morning, everybody.	Everybody knows everybody.	Good to know.	Good morning, handsome.	Good afternoon, everybody.	Good morning, everyone!	Good morning, Mike.
おはようございます	3525454926	ja	en	お姫さま、おはようございます。	Good morning, princess.	Good morning, Tom.	Good luck, campaigners!	Good afternoon, everyone.	Good night, Daddy.	Good morning. "Morning."	Hi! Good morning!
おはようございます	1581790150	ja	en	おはようございます。おめざめの時間です。	Good morning. It's time to wake up.	Several times, he turned to look at her.	Good people are similar to a warm sun.	Good help is hard to find these days.	Good evening. I'd like a glass of milk.	There's no better pillow than his chest.	This is not a good time to hang out.
おはようございます	159097152	ja	en	おはようございます。よく寝れましたか？	Good morning. Did you sleep well?	Most politicians are lying shitty people.	I've had a good sleep.	Good thing you're doing better.	Long skirts are out of fashion now.	Nothing beats a good night's sleep.	Sulfuric acid is stronger than acetic acid.
おはようございます	2563978033	ja	en	「おはようございます」と、トムは笑顔で言いました。	Good morning, said Tom with a smile on his face.	Good intentions are a horse that is often saddled but rarely ridden.	Mennad would smile in your face and stab you in the back.	Good afternoon. You are our new neighbor, if I'm not mistaken?	Tom just sat there with a bored look on his face.	Zoonotic diseases, meaning diseases transmitted by animals to humans, are increasing.	He was standing behind me with a smile on his face.
おはようございます	2328435764	ja	en	「おはようございます。今日は遅かったですね」「うん。ちょっと手間取っちゃって」	Good morning. You're late today, aren't you? "Yeah, I got a bit caught up."	Good day, lords. In what way can I refine upon my adroitness in aural comprehension?	The assassin was immediately caught, put into a car and driven away from the crime scene.	Good books have a way of painting a picture in your mind just as good as movies.	Many times I have found that people cannot be taken at their word.	Good morning, it's cold out, isn't it? "Yes, very cold for the time of year."	Good-evening, said he, looking through the window. "I wanted to have a word with you."
おはようございます	2328435764	ja	en	「おはようございます。今日は遅かったですね」「うん。ちょっと手間取っちゃって」	Good morning. You're a bit late today, aren't you? "Yes, I ran into a bit of trouble."	Good evening. We're calling because we ordered a pizza three hours ago and it still hasn't arrived.	Good night, good night! Parting is such sweet sorrow, that I shall say good night till it be morrow.	Tom and Mary ran off to Australia and got married after knowing each other for only a few weeks.	As everyone stood guard silently, someone ran to the corner of the street and called over a police officer.	Good morning, sir. You probably don't remember me. "Of course I remember you. You were one of my best students."	At the last office I went to I ran out of work after a couple of hours, which made the rest of the day rather boring.
おはようございます	2328435764	ja	en	「おはようございます。今日は遅かったですね」「うん。ちょっと手間取っちゃって」	Good morning. You were a bit late today. "Mhm, I got a tad delayed."	Good people are like beautiful plants: they are recognizable from afar, says a Kabyle saying in rhyme.	Last year, I wasn't able to play tennis as often as I wanted to.	The official start of the ski season in New South Wales has been delayed until June 22.	If the necessary materials can't be procured, production of the goods will be delayed further.	Good, good, you're a sweet child so you're going to bed now.	I delayed telling him about his uncle's death as long as I could.
こんにちは	3363590735	ja	en	こんにちは！	Good day!	Stanger danger.	I played.	Be off!	They promised.	Call 911!	She meowed.
こんにちは	2832406136	ja	en	こんにちは。	Welcome.	Very!	Roger.	Disgusting!	Hush!	Hopefully.	Dinner!
こんにちは	2832406136	ja	en	こんにちは。	Good day.	Cookie! No!	Tom whistled.	Ziri vanished.	He dreams.	Catch her!	Contact Tom.
こんにちは	3363590735	ja	en	こんにちは！	Hello!	K.I.S.S.	Shit!	Quick!	Surrender.	Down!	Remember!
こんにちは	2832406136	ja	en	こんにちは。	Good day!	Stanger danger.	I played.	Be off!	They promised.	Call 911!	She meowed.
こんにちは	2832406136	ja	en	こんにちは。	Hi.	Shotgun!	Nope.	Orgy!	Snooze!	Stronger!	Lizard!
こんにちは	2832406136	ja	en	こんにちは。	hello	author	except	knowledge	parts	plus	spent	track
こんにちは	2832406136	ja	en	こんにちは。	Good afternoon.	Horses run.	He hid.	Get lost!	Sound familiar?	God damn!	Memorise it.
こんにちは	3363590735	ja	en	こんにちは！	Hi.	Shotgun!	Nope.	Orgy!	Snooze!	Stronger!	Lizard!
こんにちは	3983744469	ja	en	こんにちは、如何ですか？	Hi, how are you?	Are you two together?	Tom, how could you?	Hi! What's new?	Hi. How are you?	Well, how are you?	Hey, where are you?
こんにちは	3019369928	ja	en	こんにちは。私はスピデです。	Hello, I am Sepideh.	Damn, she's HOT!	I am not scared.	Hello and thank you.	Hey! I'm Sepideh.	Now that was annoying.	I am not ill.
こんにちは	2832406136	ja	en	こんにちは。	Hello!	K.I.S.S.	Shit!	Quick!	Surrender.	Down!	Remember!
こんにちは	2832406136	ja	en	こんにちは。	Hello.	Chillax.	Practise.	Where?	Whoa!	Unbelievable!	Fly!
こんにちは	1219173170	ja	en	みなさん、こんにちは。	Hi, everybody!	Look down!	Whatever, mate.	Hey, kitty!	Save more.	I sleepwalk.	Play now.
こんにちは	1007516414	ja	en	こんにちは、エラ！	Hello Ella!	Anytime, Lily.	I am.	Like Bixby?	Like what?	Okay, okay.	Thanks, William!
こんにちは	1219173170	ja	en	みなさん、こんにちは。	Hi, everybody.	Very nice!	Just disappear.	Wait outside.	Tom crawls.	Tom lies.	Heartfelt thanks!
こんにちは	860341391	ja	en	こんにちは、ガブリエル。	Hello Gabriel.	Anytime, Lily.	I am.	Kind of.	Okay, okay.	Thanks Frank!	Why not?
こんにちは	1007516414	ja	en	こんにちは、エラ！	Hi Ella!	Ah cool!	Hi, Laura.	Okay, okay.	Sounds perfect.	Thanks, William!
こんにちは	1508388513	ja	en	こんにちは、エレナ！	Hi Elena!	A little.	Both actually.	Chips, please.	So sassy!	Sounds perfect.	Why not?
こんにちは	1672777906	ja	en	こんにちは、オリバー！	Hello, Oliver!	A little.	Ice cream!	J.K. Rowling.	The Patriots.	Very good.
こんにちは	419757657	ja	en	こんにちは、ピーター！	Hello Peter!	Dr. Seuss.	Got it.	Pop music.	The Patriots.	You should!
こんにちは	165293336	ja	en	こんにちは、ノラ！	Hi Nora!	A little.	Beatrix Potter.	Chips, please.	Dr. Seuss.	Pop music.	The Avengers.
こんにちは	37323479	ja	en	こんにちは、オミッドです。	Hi, my name is Omid.	Australia is a beautiful country.	Hello. My name is Jabu.	Hi everyone, I'm Tom.	Hello! My name is Bashir.	Hi, my name is Mohand.	It is very nice here.
こんにちは	1518540133	ja	en	こんにちは、アヴァ！	Hi Ava!	A lot.	Good choice.	Me three!	No problem!	The Avengers.	We will!
こんにちは	1127432011	ja	en	こんにちは、イアン。	Hi, Ian.	How so?	Pop music.	The Patriots.	True that.	Will do!	Yes, sure.
こんにちは	1129321704	ja	en	こんにちは、お元気ですか。	Good day, how are you?	Have a good day, Ziri.	Good morning, how are you?	Good things must be savoured.	Good work makes good things.	Good riddance to bad rubbish!	These umbrellas are pretty inexpensive.
こんにちは	76047664	ja	en	皆さんこんにちは。	Hello, everyone.	Act immediately.	Oh, dear!	Everybody cheered.	Ukraine surrendered.	Stand proud.	He mooed.
こんにちは	1181386010	ja	en	こんにちは、イザベラ！	Hi Isabella!	A lot.	Dr. Seuss.	Great choice!	Nice team!	Star Wars!
こんにちは	1053313670	ja	en	こんにちは、アンナ！	Hi Anna!	Fair enough.	Great idea!	I am.	Thanks, Oscar!	Their smiles.
こんにちは	511873116	ja	en	こんにちは、イザベル。	Hello, Isabelle.	Actually, yes.	Anytime, Lily.	Aw, nice.	Okay then!	So funny.	Thanks, Oscar!
こんばんは	3930990322	ja	en	こんばんは。	Good evening.	Dive together.	Piss off!	Firefox crashed.	It reeks!	No more!	Silence reigned.
こんばんは	3930990322	ja	en	こんばんは。	Good evening!	Tom writes.	Ramadan Mubarak.	Shun rumour.	Stefan entered.	Be cursed!	No pressure.
こんばんは	4069182511	ja	en	こんばんは。ご機嫌いかが？	Good evening, how are you?	Good thing you believed me.	Good morning. How are you?	Does this not please you?	Good morning, ladies and gentlemen.	Good evening. How are you?	Are you really that naive?
こんばんは	1132256187	ja	en	シカゴのみなさん、こんばんは。	Hello, Chicago!	Sami left.	Yimach shemo!	Enrico landed.	Study more.	Suit yourself.	Speak Berber!
お久しぶりです	334707394	ja	en	本当にお久しぶりです。	It really has been a long time since we've seen each other.	I probably would've been able to do that without your help.	It would be difficult to improve the device without an effective catalyst.	It was Tom's idea that we go to Australia.	You should've been able to do that as well.	How long has it been since you've seen your family?	It definitely didn't feel like a dream. Everything felt so real.
お久しぶりです	334707394	ja	en	本当にお久しぶりです。	It's been a long time.	Did you talk for a long time?	I should have done that before 2:30.	I've waited a long time.	We don't have the time.	Do one thing at a time.	It's been nearly 3 hours.
お久しぶりです	590441736	ja	en	大変お久しぶりです。	It's been ages since I saw you last.	It's been ages since we saw each other!	It was the best tea I had ever had.	I should have talked to you first about it.	It's been a year now since Tom left.	I should have told Tom to visit Boston.	She could have met you at the airport.
お久しぶりです	967848500	ja	en	お元気ですか。お久しぶりですね。	How are you doing? I haven't seen you for an age!	How can I know that you're not going to hurt me?	How many hours of TV do you watch a day?	How did you know I used to teach French in Australia?	I've never seen you as beautiful as you are now.	Scarcely had the dog seen me when it ran away.	Your cheeks, two pomegranate cuts, can be seen behind the veil.
お久しぶりです	489774663	ja	en	こんにちは。お久しぶりです。	Hello. Long time no see.	Time to say goodbye, Gunter.	Long time no see, Bill.	There was nothing to see.	Hello, long time no see!	Time to rise and shine.	Hello, have you already eaten?
お久しぶりです	3170348373	ja	en	こんにちは。トムさんですよね？ お久しぶりです。	Hi. You're Tom, right? It's been a while.	Hi. You have beautiful hair. "Thanks." "What's your name?" "Skura."	Ah, that's true, Susan put in. "I just wanted to call..."	Hi, my name is Mary. How can I help you?	My father and I will fish once in a while.	Why, I wouldn't know what this contraption is supposed to do.	It's been over a week since I last saw Tom.
お元気ですか	1932937826	ja	en	お元気ですか？	How are you doing?	How about for Halloween?	How about white?	How much do we use?	I love concerts!	I'm doing okay.	Why not go out?
お元気ですか	585667937	ja	en	お元気ですか。	How are you?	Are you sure?	How about you?	I love the Patriots.	Nice rivalry!	They are funny.	Why's that?
お元気ですか	585667937	ja	en	お元気ですか。	How are you doing?	How about for Halloween?	How about white?	How much do we use?	I love concerts!	I'm doing okay.	Why not go out?
お元気ですか	585667937	ja	en	お元気ですか。	How're you doing?	She was doing something.	How are you doing?	When can I train?	I enjoy doing this.	How's your tooth?	Where's she going?
お元気ですか	585667937	ja	en	お元気ですか。	How is it going?	And it was going well.	He is going home	Hi, what's going on today?	How's that going for you?	I'm going to the park.	When are we going?
お元気ですか	585667937	ja	en	お元気ですか。	How are things going?	Things are going well.	Everything was going great.	How's your father?	Are things going well?	How come you ask?	Where's Sophie going?
お元気ですか	100838054	ja	en	どうも、お元気ですか？	Hello, how are you?	Has Tom hurt you?	Hello, are you Jose?	All are equally important.	How are your goats?	OK, where were we?	Did they write you?
お元気ですか	967848500	ja	en	お元気ですか。お久しぶりですね。	How are you doing? I haven't seen you for an age!	How can I know that you're not going to hurt me?	How many hours of TV do you watch a day?	How did you know I used to teach French in Australia?	I've never seen you as beautiful as you are now.	Scarcely had the dog seen me when it ran away.	Your cheeks, two pomegranate cuts, can be seen behind the veil.
お元気ですか	2853505455	ja	en	お父さんはお元気ですか？	How's your father?	It's a tradition.	Why are you scared?	Where's my mother?	Here's your tea.	How could I refuse?	That's really fortunate.
お元気ですか	2853505455	ja	en	お父さんはお元気ですか？	How's your dad?	Where's my boomerang?	It's definitely them.	Can't you read?	Aren't you sad?	How would I know?	Isn't Tom dead?
お元気ですか	2853505455	ja	en	お父さんはお元気ですか？	How is your father?	Where is my jacket?	When will you arrive?	Mennad is basically suicidal.	Who is my father?	Did you kidnap her?	How's your English?
お元気ですか	2853505455	ja	en	お父さんはお元気ですか？	How is your dad?	Where is my dad?	Tom is my dad.	How are complaints handled?	Where is your dad?	Where are our suitcases?	How was the water?
お元気ですか	4083381754	ja	en	ご家族はお元気ですか？	How is your family?	How goes it, Jacques?	Which street is this?	Is that his family?	Where is your bedroom?	How are your folks?	How's your family?
お元気ですか	1129321704	ja	en	こんにちは、お元気ですか。	Good day, how are you?	Have a good day, Ziri.	Good morning, how are you?	Good things must be savoured.	Good work makes good things.	Good riddance to bad rubbish!	These umbrellas are pretty inexpensive.
お元気ですか	1916839814	ja	en	こんにちは！お元気ですか？	Hello! How are you?	Hi, how are you?	Are these dogs yours?	Whose side are you?	Which fly bit you?	Now, where was I?	Hello! Lovely weather today!
お元気ですか	1916839814	ja	en	こんにちは！お元気ですか？	Good day, how are you?	Have a good day, Ziri.	Good morning, how are you?	Good things must be savoured.	Good work makes good things.	Good riddance to bad rubbish!	These umbrellas are pretty inexpensive.
お元気ですか	747821423	ja	en	奥様はお元気ですか。	How's your wife doing?	What were you two doing?	Ziri is doing his homework.	Your wife is still here.	What did your wife say?	Can your wife say something?	How is your work going?
お元気ですか	747821423	ja	en	奥様はお元気ですか。	How is your wife?	Why not enjoy life?	How do you study?	Is the festival free?	How can I sleep?	How's married life?	Sami isn't immortal.
お元気ですか	747821423	ja	en	奥様はお元気ですか。	How's your wife?	How are you, Dragon?	How was the audition?	That's your idea.	Where are they from?	Why does it matter?	It's very detailed.
お元気ですか	747821423	ja	en	奥様はお元気ですか。	How is your wife doing?	What was Tom doing exactly?	How was your first flight?	How are you two related?	How's your day been?	Are you all doing well?	How is this our problem?
お元気ですか	747821423	ja	en	奥様はお元気ですか。	How's the wife?	Where's the director?	How ugly is that.	How was the skiing?	This party's packed.	Where is the wheelbarrow?	Where is the wife?
お元気ですか	2001807359	ja	en	お母様はお元気ですか？	How's your mother?	Is she your mother?	How fast you run!	That's another topic.	Will he see her?	That's my pussy.	How is your daughter?
お元気ですか	2001807359	ja	en	お母様はお元気ですか？	How is your mother?	Will you meet her?	My name is Wang.	Tom isn't indispensable.	How can Tom lose?	Will that help her?	Where's my mama?
お元気ですか	2534255865	ja	en	ご家族はお元気ですか。	How is your family?	How goes it, Jacques?	Which street is this?	Is that his family?	Where is your bedroom?	How are your folks?	How's your family?
お元気ですか	2936031724	ja	en	こんにちは、お元気ですか？	Hi, how are you?	Are you two together?	Tom, how could you?	Hi! What's new?	Hi. How are you?	Well, how are you?	Hey, where are you?
お元気ですか	3343723965	ja	en	お姉さんはお元気ですか。	How is your sister?	How large was it?	This isn't water.	How cool is this?	Can we talk later?	Who wrote a letter?	Why are you studying?
お元気ですか	3343723965	ja	en	お姉さんはお元気ですか。	How's your sister?	How was your birthday?	How was your hometown?	Where is it then?	What's your nickname?	How was the beach?	Where's my crown?
お元気ですか	4083381754	ja	en	ご家族はお元気ですか？	How's it going with your family?	How can Ziri teach all those subjects?	Who's the heaviest in your family?	Why did you let Tom go?	Tom is going to get your things.	How is it going with your family?	Where is the rest of your family?
お元気ですか	4083381754	ja	en	ご家族はお元気ですか？	How is the family?	This is very tasty.	Who is the girl?	Where are the soldiers?	How did it go?	How did you sleep?	This is obviously false.
お元気ですか	4083381754	ja	en	ご家族はお元気ですか？	How is your family doing?	What exactly was Tom doing?	How long can that last?	How're you this morning?	How did you recognize me?	Tom is doing his homework.	How's your business doing?
さようなら	2840502289	ja	en	さようなら！	Good-bye!	Release him!	Seize him!	Pardon me?	Holy mackerel!	I shat.	Prepare yourself.
さようなら	2244027687	ja	en	さようなら	goodbye	free	garlic	mind	Space?	Vegan?	wrong	Yummy!
さようなら	3332565216	ja	en	さようなら。	Good bye!	He started.	Brace yourself.	Finish it.	Get down.	I painted.	I agreed.
さようなら	3332565216	ja	en	さようなら。	Bye for now.	I drive now.	Goodbye for ever!	Goodbye for now.	We'll follow.	Bye, good night.	Sorry about earlier.
さようなら	3332565216	ja	en	さようなら。	Bye!	Blue.	Catholic.	Happiness.	me	Mummies?
さようなら	3332565216	ja	en	さようなら。	See you later!	Pull yourself together.	We're together!	See you Thursday!	See for yourself.	Tell me later.	Bring him back.
さようなら	3332565216	ja	en	さようなら。	Farewell!	Laugh!	Delete.	Sleep.	Adieu!	Who!	Away!
さようなら	3332565216	ja	en	さようなら。	So long.	Since when?	Sami left.	Tough titty!	They said.	Stop Tom.	Hello everybody.
さようなら	3332565216	ja	en	さようなら。	Bye.	Right!	Very!	Hooray!	Persevere.	Kaboom!	Sorry...
さようなら	3332565216	ja	en	さようなら。	See you again.	See you Monday.	Toss it there!	Watch them closely.	I see myself.	See you there.	I see you!
さようなら	3332565216	ja	en	さようなら。	Goodbye.	Chill!	Time!	G'afternoon!	Indubitably.	Gangway!	Up!
さようなら	3332565216	ja	en	さようなら。	Goodbye!	Impressive!	Buffoons!	Study!	Bastards!	Hush!	OMG!
さようなら	3332565216	ja	en	さようなら。	See you soon!	See you Monday.	See you Tuesday!	Take it apart.	Take her home.	I see Dan.	Come back soon!
さようなら	3332565216	ja	en	さようなら。	Bye-bye!	Chill out.	Eat that!	Everyone laughed.	Rabbits multiply.	Keep still.	Work slowly.
さようなら	3332565216	ja	en	さようなら。	Good-bye!	Release him!	Seize him!	Pardon me?	Holy mackerel!	I shat.	Prepare yourself.
さようなら	2840502289	ja	en	さようなら！	Good bye!	He started.	Brace yourself.	Finish it.	Get down.	I painted.	I agreed.
さようなら	2840502289	ja	en	さようなら！	Bye!	Blue.	Catholic.	Happiness.	me	Mummies?
さようなら	2840502289	ja	en	さようなら！	Farewell!	Laugh!	Delete.	Sleep.	Adieu!	Who!	Away!
さようなら	2840502289	ja	en	さようなら！	Goodbye.	Chill!	Time!	G'afternoon!	Indubitably.	Gangway!	Up!
さようなら	2840502289	ja	en	さようなら！	Goodbye!	Impressive!	Buffoons!	Study!	Bastards!	Hush!	OMG!
さようなら	2840502289	ja	en	さようなら！	Mon dieu!	Hey, Diana!	Like Bixby?	So funny.	Star Wars!	Whoa, really?
さようなら	2840502289	ja	en	さようなら！	Bye-bye!	Chill out.	Eat that!	Everyone laughed.	Rabbits multiply.	Keep still.	Work slowly.
さようなら	1937523120	ja	en	とりあえずさようなら！	Bye for now!	And have picnics.	I love nature.	I love reading too!	Nature is amazing.	That sounds cool!	The Lakers played great!
さようなら	3602699491	ja	en	さようなら、さよこ！	Good-bye, Sayoko!	Good, as always.	Good morning, handsome.	Oh my IPU!	Good-bye, John.	Not good enough.	Good job, everyone!
さようなら	3602699491	ja	en	さようなら、さよこ！	Bye, Sayoko!	Hat off!	Damn you!	Yes, corporal!	Mary ran.	Let me!	Stop nitpicking!
さようなら	3693770940	ja	en	彼女は「さようなら」と言った。	She said goodbye.	You said it!	They said yes.	She took risks.	He hates shrimps.	We had lunch.	Ziri said goodbye.
さようなら	2275859867	ja	en	では、さようなら。	Well then, goodbye.	Well done, son.	Of course yes!	Goodbye, my friend.	Goodbye, my dears!	Well I never!	Kiss me goodbye.
さようなら	4267030896	ja	en	彼女はさようならと言った。	She said goodbye.	You said it!	They said yes.	She took risks.	He hates shrimps.	We had lunch.	Ziri said goodbye.
さようなら	456645065	ja	en	さようなら、フランク！	Goodbye Frank!	No, seriously.	Okay, okay.	So sassy!
さようなら	472231190	ja	en	さようなら、ビクター。	Au revoir, Victor.	Let's go outside!	No thanks.	Sounds good.	Taylor Swift.	That's lovely!	What about in spring?
またね	2188970947	ja	en	またね！	Catch you later.	Serves her right.	Catch a signal.	Catch your breath.	Open the shutter.	Catch the thief!	Catch the ball!
またね	2188970947	ja	en	またね！	See you next time!	Such a long time!	Somebody will see us.	See you all tomorrow.	See you at 7.	See you in October.	For a long time!
またね	3273618165	ja	en	またね!	See you!	Anytime, Lily.	Great idea!	Love it.	Okay, good.	Thanks, Oscar!
またね	3994889188	ja	en	またね。	See you again.	See you Monday.	Toss it there!	Watch them closely.	I see myself.	See you there.	I see you!
またね	2188970947	ja	en	またね！	See you later.	See you soon.	Need anything else?	Grasp it carefully.	I see smoke.	See you around.	Sami heard her.
またね	2188970947	ja	en	またね！	Bye!	Blue.	Catholic.	Happiness.	me	Mummies?
またね	2188970947	ja	en	またね！	See you later!	Pull yourself together.	We're together!	See you Thursday!	See for yourself.	Tell me later.	Bring him back.
またね	2188970947	ja	en	またね！	See you.	Pure talk.	Go, Tom!	All righty.	I waved.	He grimaced.	Get milk.
またね	2188970947	ja	en	またね！	See ya!	Beatrix Potter.	J.K. Rowling.	Nice team!	No problem!	Sounds fun!
またね	2188970947	ja	en	またね！	I'll see you later.	I've had a stroke.	I'm like my sister.	I consider it my duty.	Can you see the mountains?	No one can see it.	You might see Tom there.
またね	2188970947	ja	en	またね！	See you!	Anytime, Lily.	Great idea!	Love it.	Okay, good.	Thanks, Oscar!
またね	3994889188	ja	en	またね。	See you.	Pure talk.	Go, Tom!	All righty.	I waved.	He grimaced.	Get milk.
またね	3994889188	ja	en	またね。	I'll see you around.	That's a happy sound.	I'll see Tom around.	She can read very well.	I can use the money.	You should see your eyes.	I did not respect him.
またね	3614495742	ja	en	じゃあ、またね。	See you later!	Pull yourself together.	We're together!	See you Thursday!	See for yourself.	Tell me later.	Bring him back.
またね	3614495742	ja	en	じゃあ、またね。	See you.	Pure talk.	Go, Tom!	All righty.	I waved.	He grimaced.	Get milk.
またね	3465843863	ja	en	じゃまたね。	See you later!	Pull yourself together.	We're together!	See you Thursday!	See for yourself.	Tell me later.	Bring him back.
またね	3465843863	ja	en	じゃまたね。	I'll see you later.	I've had a stroke.	I'm like my sister.	I consider it my duty.	Can you see the mountains?	No one can see it.	You might see Tom there.
またね	3614495742	ja	en	じゃあ、またね。	I'll see you later.	I've had a stroke.	I'm like my sister.	I consider it my duty.	Can you see the mountains?	No one can see it.	You might see Tom there.
またね	1873458488	ja	en	じゃ、またねっ！	See you later!	Pull yourself together.	We're together!	See you Thursday!	See for yourself.	Tell me later.	Bring him back.
またね	1873458488	ja	en	じゃ、またねっ！	See you.	Pure talk.	Go, Tom!	All righty.	I waved.	He grimaced.	Get milk.
またね	1873458488	ja	en	じゃ、またねっ！	I'll see you later.	I've had a stroke.	I'm like my sister.	I consider it my duty.	Can you see the mountains?	No one can see it.	You might see Tom there.
またね	2496450893	ja	en	では今晩またね、さようなら。	See you tonight, then. Cheers!	See what you've done.	Three cheers for my Queen!	Chocolate always cheers me up.	See you Sunday at three.	Bring your parents, as well.	See you in a fortnight.
またね	2539661225	ja	en	明日、図書館でまたね。	See you tomorrow at the library!	Tom couldn't see over the wall.	See what else is in the box.	Put our bags up on the rack.	I'll see you later tonight.	I'll show you the library tomorrow.	See to it that Ziri pays.
またね	2539661225	ja	en	明日、図書館でまたね。	See you tomorrow at the library.	How often do you see your children?	Hold my hand while the plane lands.	Raise your hand in class before speaking.	Watch your step! It's slick out!	I bumped into her at the library.	Can I see you in my office?
またね	2539661225	ja	en	明日、図書館でまたね。	See you tomorrow in the library.	Tom won't see Mary anymore.	I will show you the library tomorrow.	Close your eyes and count to ten.	See you tomorrow at the library.	See! Cotton candy is being sold.	I see you two have already met.
またね	2796020539	ja	en	ありがとう。では、またね。	Thanks. See you next time.	Tom is just wasting time.	Investors like what they see.	Goodness knows what actually happened.	Thanks for reporting the issue.	Do you see the point?	Thanks for being on time.
またね	2067951186	ja	en	もう行かなくちゃ。じゃ、またね。	It's high time to go. See you later.	Diego got a pizza a short time later.	You should see the look on your face.	I see something that you don't see.	I'm afraid of big, black, hairy tarantulas.	You're crazy to lend money to Tom.	Ziri will have plenty of time for that later.
おやすみなさい	2529972007	ja	en	おやすみなさい。	Goodnight!	Christianity.	Done!	Ketchup.	Mars!	Shrimp!	Whoa!
おやすみなさい	2529972007	ja	en	おやすみなさい。	Sweet dreams.	Ask Tom.	You again?	Avoid Tom.	Notice that.	Who panicked?	Head west.
おやすみなさい	2529972007	ja	en	おやすみなさい。	Goodnight.	Sit!	Awesome!	Anyway.	Capitulate!	Crikey!	Up!
おやすみなさい	2529972007	ja	en	おやすみなさい。	Good night!	Remain seated!	Fine, thanks.	How frightening!	Time presses.	Your go.	Mix well.
おやすみなさい	2529972007	ja	en	おやすみなさい。	Good night.	Yanni reappeared.	Hi, Tom!	Hello, Chicago!	Everybody cheered.	Just swim.	Use pictures!
おやすみなさい	2605639160	ja	en	おやすみなさい、ジュリア。	Have a good evening Julia.	Do you like French food, Julia?	Do you like music, Julia?	Have a good evening.	Hey Julia, like sports?	Hi Julia, how are you feeling?	I have chips and cookies.
おやすみなさい	1758288723	ja	en	彼女は私におやすみなさいと言った。	She wished me good night.	She recognized me right away.	Sami wished Layla good luck.	Tom wished he were dead.	I think this will do.	She reads books every night.	Tom did that last night.
おやすみなさい	3260965723	ja	en	おやすみなさい、ママ。	Good night, Mom.	Good night, children.	Good morning, Mike.	Happy birthday, Mom.	Good night, Tom.	Good evening, ma'am.	Good night, sweetheart.
おやすみなさい	2801593610	ja	en	おやすみなさい、良い夢を！	Good night. Sweet dreams.	He supported her dreams.	Sweet dreams, my princess.	Good work takes time.	You had nightmarish dreams.	New people, new laws.	Goodnight and sweet dreams!
おやすみなさい	2216151370	ja	en	彼は両親に「おやすみなさい」と言った。	He said good night to his parents.	She said she was a Canadian.	He disappeared from Pyongyang, North Korea.	He judges other people time and again.	She made sure nobody talked to him.	He hasn't washed his car recently.	He is not going to Shanghai.
おやすみなさい	1814425512	ja	en	「トム、おやすみなさい」「メアリー、おやすみ」	Good night, Tom. "Good night, Mary."	I think Tom should hear this.	What a wonderful night for a walk.	Well, I'm knackered. Good night.	Tom says that's his favorite restaurant.	Last year, Robert aced his final exams.	Good morning, Tom. How are you?
おやすみなさい	123196096	ja	en	ここにいらっしゃい、座っておやすみなさい。	Come, boy, sit down. Sit down and rest.	Forgetting history runs the risk of repeating its mistakes.	Sit down and don't say a word.	Come on, eat some. It will do you good.	It's better for you to stay and rest.	Reading books enable you to travel to another world.	Describing reality involves a large amount of documentation.
おやすみなさい	2404728836	ja	en	わたしたちは寝るとき「おやすみなさい」といいます。	When we go to bed, we say "good night".	When was the last time you worked with Tom?	I go to bed at around ten at night.	When I turned the screw, water burst out.	When you don't like something, say so.	When did you find out Tom had been hurt?	If you leave now, you'll arrive in time.
おやすみなさい	678914363	ja	en	私は両親に「おやすみなさい」を言って床についた。	I said "good night" to my parents and went to bed.	The woman said that she would like to work herself.	I can't wear a mask because of a medical condition I have.	Yanni drank a ton of water before he went to bed.	You seemed surprised when Tom told us why we should do that.	Tom and Mary said they weren't likely to do that.	Tom said his parents allow him to do anything he wants.
おつかれさまでした	1531878697	ja	en	「おさきにしつれいします」「おつかれさまでした」	I'm finished for the day. "Much appreciated."	They were sitting in the yard, eating pudding.	I'm trying to sleep and there are fireworks.	I'm afraid I can't help you now.	It'll be finished in a day or two.	A bit of help here would be appreciated.	Tom is just about finished for the day.
ありがとう	3399146234	ja	en	ありがとう！	Thanks!	Hahaha!	Bye!	Charmed!	Tom!	Sleep.	Madman!
ありがとう	784281511	ja	en	ありがとう。	Thank you.	Let go.	Hold steady.	She relented.	Who yelled?	Make something!	Tom sympathised.
ありがとう	784281511	ja	en	ありがとう。	Thanks.	ah	Alexa.	Blocks?	Chocolate.	Phoebe.	What?
ありがとう	3399146234	ja	en	ありがとう！	Thank you!	A lot.	Dr. Seuss.	Happy reading!	Kendrick Lamar.	No problem!	Okay, done!
ありがとう	784281511	ja	en	ありがとう。	Thanks!	Hahaha!	Bye!	Charmed!	Tom!	Sleep.	Madman!
ありがとう	2725120153	ja	en	ありがとう。大丈夫。	Thanks, I'm fine.	Thanks for your reply.	Tom wants red wine.	We're fine, thanks.	Vacation? What's that?	I'm dead serious.	Thanks for encouraging me.
ありがとう	3399146234	ja	en	ありがとう！	Thank you.	Let go.	Hold steady.	She relented.	Who yelled?	Make something!	Tom sympathised.
ありがとう	3399146234	ja	en	ありがとう！	Thanks.	ah	Alexa.	Blocks?	Chocolate.	Phoebe.	What?
ありがとう	784281511	ja	en	ありがとう。	Thank you!	A lot.	Dr. Seuss.	Happy reading!	Kendrick Lamar.	No problem!	Okay, done!
ありがとう	1388433059	ja	en	リマインダーをありがとう！	Thanks for the reminder!	Thanks for talking with me!	Thanks for the advice, Alice.	Thanks for the advice, Ella.	Thanks for the advice, Emma!	Thanks for the advice, Grace.	Thanks for the tip, George.
ありがとう	2721490486	ja	en	本ありがとう。	Thanks for the book.	Tom wrote that book.	Thanks for the invitation.	Thanks for the hint.	Thanks for the support.	Thanks for understanding, Tom.	Thanks for pitching in.
ありがとう	2424633394	ja	en	大丈夫ですよ、ありがとう。	I'm good, thanks.	Good advice, thanks Frank!	I'm twenty years old	It was good, thanks.	It's good, thanks.	They're good, thanks.	Yes, I'm thirsty.
ありがとう	1690016092	ja	en	お母さん、ありがとう。	Thanks, Mom.	He cursed.	Dive together.	Dad farted.	Many greetings.	Oh, dear!	You fell.
ありがとう	263399185	ja	en	クリーム、ありがとう。	Cream, thanks.	Chips, please.	Great choice!	Kendrick Lamar.	Over 100.	Pop music.	Very good.
ありがとう	1233973137	ja	en	感動をありがとう！	Thank you, that was very moving.	Ziri's dead body started moving.	Do what you must, come what may.	I wasn't sure what it was.	Sami was very conscious of that.	Thank you for fixing my car, Tom.	Tom was happy with what he saw.
ありがとう	1663799326	ja	en	ありがとう、ノラ。	Thanks, Nora.	Anytime, Grace.	Great idea!	It is!	Okay, good.	Their smiles.
ありがとう	966070017	ja	en	ありがとう、エドワード。	Thanks, Edward.	Anytime, Lily.	See you!	So sassy!	Thanks, William!	Very nice.
ありがとう	818093913	ja	en	ありがとう、私も元気です。	I'm fine, too, thank you.	I'll arrive on May 23rd.	Thank God Tom wasn't killed.	I'm not cross any more.	I didn't mean to spook you.	I'm fine, thank you. And you?	I'm not going to sack you.
ありがとう	1037937672	ja	en	お花、ありがとうね。	Thank you for the flowers.	Thank you one and all.	Follow me into the room.	Thank you for coming here.	Thank you so very much.	Get it through your head.	Thank you for supporting Tom.
ありがとう	1047801386	ja	en	「ほらよ」「ありがとう」	Here you go. "Thank you."	Sami said: "I love you."	Overall I have 5 children.	Apparently, nobody listens to me.	Here's to you! Cheers!	Thank you very much, everybody.	Thank you for the tea.
ありがとう	1224078262	ja	en	元気です ありがとう。	I'm fine, thanks.	I can work on that.	I know, right?	I'm twenty years old	Maybe I will.	No, I'm vegetarian.	Oh.  I'm sorry.
ありがとう	628120622	ja	en	どうもありがとう。	Many thanks.	Be alert!	Stay weird.	Tom rang.	Explain yourself!	Use deodorant.	Trust me!
ありがとう	771528360	ja	en	トム、ありがとう。	Thanks, Tom.	Look elsewhere.	Tom squinted.	I guessed.	So far!	You sang.	Everybody claps.
ありがとう	628120622	ja	en	どうもありがとう。	Thanks a million.	Add an explanation.	Thanks, but no.	Thanks once again.	Thanks for nothing.	He wants affection.	Thanks a lot.
ありがとう	772231757	ja	en	想い出をありがとう。	Thanks for the memories.	Thanks for the offer.	Thanks for coming, Tom.	Thanks, I hate it.	She is wearing accessories.	Congratulations on the wedding!	Thanks a lot, Tom.
ありがとう	1038633264	ja	en	ありがとうブラザー。	Thank you, brothers.	Thank the Lord.	He planted heathers.	Bring your brother.	They planted heathers.	Thank you, too.	Thank you, everybody.
ありがとう	659651639	ja	en	ありがとう、エミリー。	Thanks, Emily.	Anytime, Lily.	Great idea!	No, seriously.	That works.	Very nice.	What happened?
ありがとう	477788297	ja	en	招待ありがとう。	Thanks for the invite.	He thanks his father.	Thanks for the support.	Thanks for the compliment.	Thanks for your cooperation.	Thanks for the warning.	Thanks, please come again.
ありがとう	1037937672	ja	en	お花、ありがとうね。	Thanks for the flowers.	Thanks for the food.	Thanks for coming early!	Vines like the Sun.	Thanks for the night.	Thanks for clarifying that.	Thanks for the hospitality.
ありがとう	390262027	ja	en	ありがとう、ミラ。	Thanks, Mila.	Hi, Sofia.	I agree.	Thanks, William!	Why not?
ごめん	3964358132	ja	en	ごめんなさい。	I'm so sorry.	I was busy.	I'm sorry, Grace.	I'm tired.	I’m sorry to hear that.	Say you’re sorry.	Sorry to hear that.
ごめん	2554234908	ja	en	ごめんね。	I'm sorry.	I know it.	I'm great!	I'm scared.	I'm sorry, Grace.	Oh no, I'm sorry.	Say you're sorry.
ごめん	2151874588	ja	en	ごめん。	I'm sorry.	I know it.	I'm great!	I'm scared.	I'm sorry, Grace.	Oh no, I'm sorry.	Say you're sorry.
ごめん	2151874588	ja	en	ごめん。	Sorry.	Practise.	Classy!	Jinx!	Read!	Sad.	Cripes!
ごめん	3040613063	ja	en	改めて、ごめんね。	Once again, sorry.	You never worry.	Straight ahead, right?	Sorry for interrupting.	You better hurry.	Once a day...	Once is enough.
ごめん	2524545746	ja	en	待たせてごめん。	I'm sorry to have kept you waiting.	I don't want to keep Tom waiting.	I'm sorry, officer. It won't happen again.	I wasn't expecting anybody to be here.	I can't blame Tom for not waiting.	It's hard to get the lid off.	You'll find a solution, I'm sure.
ごめん	2549688851	ja	en	怖がらせてごめん。	I'm sorry that I frightened you.	I need a new pillow case.	I'm glad she came back.	I'm sorry I frightened you.	A true friend would've warned you.	I'm the executor of her estate.	I'm sorry if I frightened you.
ごめん	2886115067	ja	en	わかった。ごめんなさい。	Okay. Sorry.	Tom prayed.	Sami left.	Leonid came.	Give examples.	Ziri froze.	You. Me.
ごめん	2093039163	ja	en	遅れてごめん。	I'm sorry about being late.	I'm not sorry I'm late.	I wonder if we'll be late.	She was ashamed of his ignorance.	Tom came half an hour late.	I hope Tom has learned his lesson.	I'm not mad at Tom anymore.
ごめん	2093039163	ja	en	遅れてごめん。	Please excuse my being late.	Thanks, sorry for being late.	Excuse me for being late.	I can't excuse her.	Please write what you said.	Please show me the list.	She apologized for being late.
ごめん	2093039163	ja	en	遅れてごめん。	Sorry I'm late.	Sorry to disturb you.	Sorry, I misunderstood you.	Sorry for being late.	Sorry we are late.	Good, that's good.	Tom isn't cute.
ごめん	1194002182	ja	en	やらかして、ごめんなさい。	I'm sorry for doing it.	He was amazed at his foolishness.	I'm very familiar with Halloween.	I hope Tom is doing it.	I want you to take this medicine.	I play soccer almost every day.	I'm worried Tom won't come.
ごめん	2093039163	ja	en	遅れてごめん。	I'm sorry that we're so late.	I'm not sure that that's wise.	What is easy for us is difficult for Tom.	It was high time you took a bath!	I'm awfully sorry that I was late.	I'm surprised to hear you say that.	I'm sorry that I was late this morning.
ごめん	2524545746	ja	en	待たせてごめん。	I'm sorry I kept you waiting.	There's a cab outside waiting.	I never left the house yesterday.	I'm the captain of this ship.	I'm three years older than Tom.	Sorry to have kept you waiting.	I think that your friends are here.
ごめん	2549688851	ja	en	怖がらせてごめん。	I'm sorry I frightened you.	Tell me what he told you.	I was able to help her.	He was able to extend his visa.	I'm sure Tom will be confused.	I'm on the road to recovery.	I'm sorry that I frightened you.
ごめん	2640617793	ja	en	お話し中、ごめんなさい。	Excuse me for interrupting you.	See everyone in two months.	Get her out of here.	Excuse me just a moment.	Thank you for greeting me.	Divide the candies among you.	Excuse me for being vulgar.
ごめん	1886180427	ja	en	ごめん。払えないよ。	Sorry. I can't pay.	Yanni didn't pay attention.	Sorry for being so inconsiderate.	Sorry, we're full today.	Sorry, where is the library?	Hey, what's going on?	I can pay for it.
ごめん	2093039163	ja	en	遅れてごめん。	I'm sorry I'm late.	I thought you'd find it interesting.	I know you worry about them.	I'm sorry that we're late.	I'm not Tom's date.	He's well, isn't he?	I'm tired of being careful.
ごめん	542458224	ja	en	ごめん帰らなきゃ。	Sorry, I've got to go.	Sorry I didn't reply sooner.	You may not have to go.	Sorry, I’m not home right now.	I'd just like to go.	Sami got to know many Muslims.	We've got a little problem.
ごめん	2093039163	ja	en	遅れてごめん。	I'm sorry for being late.	I think that Tom is wrong.	I'm sorry that we're late.	Wake up. It's very late.	I was afraid to do that.	I'm very excited about it.	I'm not going to leave you.
ごめん	2093039163	ja	en	遅れてごめん。	Sorry for being late.	Skura showed up late.	Sorry, we are closed.	Sorry I startled you!	Sorry, I am late.	Sorry to disturb you.	Sorry we are late.
ごめん	2093039163	ja	en	遅れてごめん。	Forgive me for being late.	He will doubtless be late.	We're running really late.	She'll never forgive me.	Forgive, but do not forget.	Thank you for your encouragement.	Slay it like a Capricorn.
ごめん	2093039163	ja	en	遅れてごめん。	I'm sorry we're so late.	They cannot stay up late.	I'm to blame for it.	He's poorer than ever before.	I wonder why Tom was late.	I expected Tom to be late.	I know the man sitting over there.
ごめん	2524545746	ja	en	待たせてごめん。	Sorry to have kept you waiting.	Sorry, could you turn the radio off?	I will be right there waiting.	I'm sorry. "Sorry? For what?"	Sorry, I couldn't hear you.	Sorry I'm late for the meeting.	Sorry I didn't understand earlier.
ごめん	599023329	ja	en	ごめんなさい、付き添えないの。	I'm sorry, but I can't go with you.	I don't want to have anything to do with Tom.	I don't think that I'll be doing that with Tom.	I'm of the opinion that he should apologize to his teacher.	It's a lot of fun to be with you.	I am surprised that your family has a Japanese car.	I'll go at three, or rather at a quarter past three.
ごめん	701004547	ja	en	度々ごめんね。	Sorry for asking so many questions.	Sorry for mispronouncing the Berber names.	Please stop asking so many questions.	Sorry, it can't be helped.	We have just a few more questions.	You may only ask three questions.	I didn't know that. Sorry!
ごめん	617423306	ja	en	ごめん、でも君が大好きだ。	I'm sorry, I love you.	I'll be there for you.	Asian women love big black cocks.	I think that Tom is different.	I know that Tom isn't guilty.	I knew we'd find you.	I speak neither Japanese nor Chinese.
ごめん	2524545746	ja	en	待たせてごめん。	I'm sorry that I kept you waiting.	I don't want to live anywhere else.	I don't like to be kept waiting.	We were glad to hear of his safe return.	Tom has been kept waiting for a long time.	I'm the one who gave Tom his guitar.	We're sorry that we've kept you waiting.
ごめん	908502742	ja	en	ああ、ごめんなさい。	Oh no, I'm sorry.	I'm fine too.	Oh no, Charles!	Oh no, sorry to hear that.	Oh, I didn't know.	Oh, tough stuff.	Oh.  I'm sorry.
ごめん	513037013	ja	en	傷つけたならごめん。	I'm sorry if I hurt you.	I'm going to report you.	I'm sure Tom will hate this.	I was crazy to doubt you.	I thought that you trusted me.	If I hurt you, I'm sorry.	I'm the father of the family.
すみません	87126197	ja	en	すみません。	I beg your pardon.	He consults her opinions.	I almost died laughing.	He left for London.	I'm perfectly happy.	Beg me to eat!	I need something smaller.
すみません	815697309	ja	en	すみませんね。	I am sorry.	I sell weed.	I am Paola.	I have needs.	It's holy.	I invited Mary.	I am manipulative.
すみません	815697309	ja	en	すみませんね。	Sorry about that.	Easy with that.	Girls love that.	Sorry, my mistake.	Sami rejected that.	More than you!	Sorry about earlier.
すみません	87126197	ja	en	すみません。	I apologize.	She mooed.	Come visit!	He lies.	Someone coughed.	Tom undressed.	Be fawning.
すみません	815697309	ja	en	すみませんね。	I'm sorry.	I know it.	I'm great!	I'm scared.	I'm sorry, Grace.	Oh no, I'm sorry.	Say you're sorry.
すみません	87126197	ja	en	すみません。	Excuse me.	Ask yourself.	Louder, please.	Trust us!	And now?	Act casual.	Nice one!
すみません	87126197	ja	en	すみません。	I am sorry.	I sell weed.	I am Paola.	I have needs.	It's holy.	I invited Mary.	I am manipulative.
すみません	87126197	ja	en	すみません。	Thank you.	Let go.	Hold steady.	She relented.	Who yelled?	Make something!	Tom sympathised.
すみません	815697309	ja	en	すみませんね。	Sorry.	Practise.	Classy!	Jinx!	Read!	Sad.	Cripes!
すみません	87126197	ja	en	すみません。	I'm sorry.	I know it.	I'm great!	I'm scared.	I'm sorry, Grace.	Oh no, I'm sorry.	Say you're sorry.
すみません	815697309	ja	en	すみませんね。	I apologize.	She mooed.	Come visit!	He lies.	Someone coughed.	Tom undressed.	Be fawning.
すみません	3592232863	ja	en	すみません...	Sorry...	Order!	Copycat!	Right?	Who!	Explode!	Faggot.
すみません	662231148	ja	en	すみません。払えません。	Sorry. I can't pay.	Yanni didn't pay attention.	Sorry for being so inconsiderate.	Sorry, we're full today.	Sorry, where is the library?	Hey, what's going on?	I can pay for it.
すみません	2015649573	ja	en	本当にすみません。	Oh, I'm terribly sorry.	Oh, sorry. "You're fine."	Oh, but this is great.	Okay, we'll meet tomorrow!	Oh, ye of little faith!	Just say you're sorry.	Huh? Oh, I'm sorry.
すみません	4193767881	ja	en	すみません。いつですか？	Excuse me, when is it?	What if Tom needs it?	Excuse me for being frank.	How long ago was it?	When will you phone me?	Excuse me. Who are you?	Do it whenever you want.
すみません	3309344490	ja	en	度々すみません。	Sorry for asking so many questions.	Sorry for mispronouncing the Berber names.	Please stop asking so many questions.	Sorry, it can't be helped.	We have just a few more questions.	You may only ask three questions.	I didn't know that. Sorry!
すみません	2032798886	ja	en	失礼。すみません。	Excuse me.	Ask yourself.	Louder, please.	Trust us!	And now?	Act casual.	Nice one!
すみません	3233937632	ja	en	お話し中すみません。	I'm sorry to disturb you while you're talking.	I wonder when Tom and Mary are going to get here.	Don't look away from me when you're talking.	I loved studying French when I was a junior high school student.	I'm not sure it'll do you any good.	I'm sorry to disturb you so late at night.	It's cold in Algiers, but it's colder in Bejaia.
すみません	2828756192	ja	en	あの、すみません...	Sorry...	Order!	Copycat!	Right?	Who!	Explode!	Faggot.
すみません	1701644957	ja	en	ちょっとすみません。	Excuse me.	Ask yourself.	Louder, please.	Trust us!	And now?	Act casual.	Nice one!
すみません	2828320326	ja	en	遅れてすみません。	Forgive me for being late.	He will doubtless be late.	We're running really late.	She'll never forgive me.	Forgive, but do not forget.	Thank you for your encouragement.	Slay it like a Capricorn.
すみません	3233937632	ja	en	お話し中すみません。	May I cut in?	Will it snow tomorrow?	May I have this?	Is your mum in?	Should we arrest her?	May I come in?	He cut himself shaving.
すみません	3875992315	ja	en	あっ、すみません。	Oh, I'm sorry.	Tom! Oh my God!	Yes, you are right.	I want to cry.	Oh, you're Algerian!	Ugh, that's awful.	I'm not sorry.
すみません	3233937632	ja	en	お話し中すみません。	I'm sorry to interrupt you while you're talking.	I want you to know that I tried to stop Tom.	Can I ask that you don't interrupt me when I'm talking?	Don't interrupt me! Can't you see I am talking?	I'm glad that Tom was able to do that.	I'm sorry, there's nothing more I can do for you.	I almost didn't have enough money to pay my bills last month.
すみません	368595301	ja	en	すみません、不在のようです。	Sorry sir, I'm afraid he may not be in.	Oh, darling, she said, "sit down, relax, and close your eyes."	I'm just glad Tom and Mary weren't hurt.	I'm sure that Tom won't let us down.	Sorry to interrupt this meeting, but Ziri has just arrived.	Hello guys, I'm Tom and I'm here with Mary.	Sorry, I do not understand the meaning of the question.
すみません	3842846486	ja	en	すみませんでした。	I'm sorry.	I know it.	I'm great!	I'm scared.	I'm sorry, Grace.	Oh no, I'm sorry.	Say you're sorry.
すみません	99442019	ja	en	すみません、通ります。	Excuse me, I'm coming through.	Excuse me, do you speak Spanish?	Excuse me if my sentence is crooked.	We need to think this through.	Forget what I've just told you.	Tom is coming over for dinner tonight.	Sami always find a way through.
すみません	2665533021	ja	en	はい…すみません。	Yes... sorry.	Me three!	Nice choice!	Sounds fun!	Star Wars!	The Avengers.	Very relaxing.
すみません	87197228	ja	en	お役に立てずすみません。	Sorry I couldn't be of much use.	Sorry, I didn't mean to cut you off.	Sorry I haven't replied to your letter earlier.	Sorry to have kept you waiting so long.	Great! We'll meet at the movie theater.	Sorry, I didn't mean to snap at you.	Sorry, I just wanted to drive you away.
すみません	87197228	ja	en	お役に立てずすみません。	I'm sorry that I wasn't able to help much.	Sorry for commenting so soon after you were able to come.	I have something else I need to be doing right now.	I'm reluctant to let myself be known in strange company.	I'm not as young as the rest of my teammates.	I think Tom is going to do that in Boston next week.	I'm sorry that Tom wasn't able to be here.
お願いします	2112290505	ja	en	お静かにお願いします。	Please keep quiet.	Please be quiet!	Please come hungry.	Please stay safe.	Please get comfortable.	Tom remained quiet.	Please be patient.
お願いします	2830485180	ja	en	モヒートをお願いします。	I'll have the mojito.	A mojito at this new bar downtown.	Do you have any hobbies?	Here, have a drink.	I like action games.	They have a plan	We have a red and a white.
お願いします	2883455215	ja	en	IPAでお願いします。	IPA please.	2 pm.	Barcelona FC!	Maybe someday.	Nice choice!	Nice team!	Will do!
お願いします	1034248107	ja	en	お願いします。	Please do that.	Please finish talking.	Do it quick!	Do it Monday.	Stop that, please.	They know that.	Please repeat that.
お願いします	1034248107	ja	en	お願いします。	Please.	Blocks?	Colors!	Deal.	Haha!	Math.	oh
お願いします	3635404208	ja	en	お手柔らかにお願いします。	Don't be too hard on me, please.	It would be nice to do that with Tom.	Do you know where that island is located?	I'd like a kilo of grapes, please.	You're supposed to be here on Monday.	I know Tom is a hard man to please.	Don't be such a social justice warrior.
お願いします	900598098	ja	en	マンゴーモヒートをお願いします！	I'll have a Mango Mojito, please!	Do you have any favorite dishes?	I loved the spicy pepperoni.	I think you'll really enjoy it.	I'd say about 20-25 cookies.	I'll have to try it out sometime.	I'll have to try those sometime.
お願いします	2865983065	ja	en	佐藤さんをお願いします。	I want to speak to Mr. Sato, please.	Show me a list of your rates, please.	I'd like a money order for ten dollars.	I very much want to speak with you.	Just let me do my own thing, please.	Sato is the new secretary of the company president.	Do you want to pay now or later?
お願いします	2593787561	ja	en	ライムをお願いします。	Lime please.	A little.	definitely Paris.	Nice choices.	Okay, done!	Okay, okay.	Star Wars!
お願いします	2799048052	ja	en	チェックアウトお願いします。	I'd like to check out.	I'd like a rain check.	I'd like to meet him.	I can't make her out.	You're going to the polls today.	I don't have anything to do!	It's the only way out.
お願いします	2275411911	ja	en	紅茶をお願いします。	Please give me a cup of tea.	Please help yourself to more cake.	Tom brought me a cup of tea.	Please tell him to call me back.	Please don't call me anymore.	Tom fixed himself a cup of tea.	Please have dinner with me tonight.
お願いします	2275411911	ja	en	紅茶をお願いします。	I'd like a cup of tea.	I want a cup of tea.	Would you like to close the account?	I really like him a lot.	I'd like a cup of coffee.	I took these pictures in Algeria.	I had two cups of tea.
お願いします	391518805	ja	en	ビルをお願いします。	May I speak to Bill?	Bill often breaks his promises.	May I see that again?	Can I talk with Bill?	Do they represent their constituents?	May I approach the bench?	Would you care to dance?
お願いします	2775509967	ja	en	オレンジをお願いします。	Orange please.	Barcelona FC!	Go swimming.	Got it.	How so?	Sounds fun!	Sounds good.
お願いします	330101896	ja	en	みなさん、お静かにお願いします。	Everyone, please be quiet.	Could it be true?	He suddenly became quiet.	He may be here.	Be with them, please.	Be very brief, please.	Lajos stayed real quiet.
お願いします	2801211513	ja	en	払い戻しをお願いします。	I'd like to get a refund.	I don't like the beach.	Would you like a shoulder massage?	I'll be ready by 2:30.	I'd like to stay with you.	I didn't get a tax refund.	I make thirteen dollars an hour.
お願いします	2499883589	ja	en	白をお願いします。	White please.	Dr. Seuss.	J.K. Rowling.	Kendrick Lamar.	Nice rivalry!	Sounds fun!	The Patriots.
お願いします	822995254	ja	en	ヒントをお願いします。	Please give me a hint.	Ziri gave Rima a hint.	Please call in a doctor.	Please tell Tom the truth.	Please write what you said.	Please, give me your address.	We can't give up.
お願いします	546661633	ja	en	ご協力をお願いします。	Thank you in advance for your help.	They're all fine, thank you.	I really appreciate all your help.	Thank you for such a detailed explanation.	Thank you for lending me your car.	Thank you for the encouraging words.	Actually, we could use your help.
お願いします	1919527270	ja	en	拍手をお願いします。	Please clap.	She phoned.	Please stop!	Stop smoking!	They investigated.	Just water.	Pursue virtue.
お願いします	2249484365	ja	en	チョコレートをお願いします。	Chocolate, please.	Actually, yes.	Love it.	Love you!	Oh... okay.	Okay then!	Their smiles.
お願いします	2275411911	ja	en	紅茶をお願いします。	I'd like some tea, please.	I like the colour of this car.	We forgot to pay the lease.	I'd like some hot tea, please.	I like your country a lot.	You may leave out the details.	We'll make it official next month.
お願いします	341605936	ja	en	ご署名をお願いします。	Please sign your name here.	Please don't quote me.	Please buy that for me.	I should sign out immediately.	Please, give me your address.	Tom has never been here.	Did you sign the contract?
お願いします	1987879569	ja	en	チキンをお願いします。	Chicken, please.	Much respect.	Karl undressed.	Phone home!	Respect God.	Any fever?	Sami approached.
お願いします	2159341439	ja	en	レジでお願いします。	Please pay at the register.	Will you pay in cash?	Would you please pay attention?	Please stand one meter away.	You only helped my sister.	Please slow down a bit.	Please undress to the waist.
お願いします	2534600296	ja	en	メニューをお願いします。	The menu, please.	The soap, please.	Quiet down, please.	The bill, please.	The army retreated.	Stand back, please.	Answer Tom, please.
お願いします	2653173417	ja	en	お会計お願いします。	The bill, please.	The sun sets.	A return, please.	The towels shrank.	Hurry up, please.	Copy this, please.	Stop it, please.
お願いします	2653173417	ja	en	お会計お願いします。	Check, please.	I cheered.	A lot.	Tom retreated.	He yelled.	Hi fellas!	Free entry.
お願いします	1568189750	ja	en	節水をお願いします。	Please don't waste water.	I don't waste rounds.	Please smash the subscribe button!	This is pure spring water.	Don't waste your time.	They jumped into the water.	Tom plunged into the water.
お願いします	1568189750	ja	en	節水をお願いします。	Please don't use more water than you need.	What curriculum does Fadil use to teach Arabic?	Tom doesn't need to use a cane.	Please don't eat any more of my food.	Please don't make Ziri come back here.	Give what you can and take what you need.	Please remember that this kindergarten is peanut-free.
ください	1932765896	ja	en	2つください。	Let me get two.	Let's find out!	Let's get married.	Let's plan it.	Yes, let's go!	Yes, let's go get some!	Yes, let’s do it!
ください	2484584313	ja	en	行かせないでください。	Please don't make me go.	Please don't do anything today.	Sami can make this marriage work.	They wouldn't let me go.	Show me how to do it, please.	One swallow does not make a summer.	I suggest you let me go.
ください	503333426	ja	en	私を殺さないでください。	Please don't kill me.	Tom wouldn't kill anybody.	Tell Tom to call me.	Mayas tried to tell me.	Tom wanted to kill me.	Please call me at 6:30.	Please don't go yet.
ください	1622677667	ja	en	冷やしたのをください。	I'd like a chilled one.	We'll go there by bike.	I want to buy this one.	I never knew how she became Muslim.	We've got to do it.	I'd like to see you now.	My car is a used one.
ください	2302268484	ja	en	撃たないでください！	Don't shoot!	I shoot fast.	Take the shot!	Don't procrastinate.	Don't move.	Don't enroll.	Don't drive!
ください	2464204985	ja	en	急がないでください。	Don't rush it.	Do we need ice?	Do you sing?	Don't worry!	Let's not rush into anything.	What about in spring?	What time did it start?
ください	1081087877	ja	en	ジュースをください。	Some juice, please.	A beer, please.	Some chips, please.	Hold on, please.	Another beer please.	Orange juice, please.	Pineapple juice, please.
ください	1341514209	ja	en	ビールを２つください。	Two beers, please.	Once more, please.	Two colas, please.	Answer Tom, please.	Turn right, please.	Two coffees, please.	Two souls intertwined.
ください	1384203665	ja	en	水をください。	Please give me some water.	Please do that very carefully.	Give Tom whatever he wants.	Give people what they want.	Please drive me back home.	Please show me those pictures.	Please turn off the gas.
ください	1582886733	ja	en	「Yes」か「No」でお答えください。	Please answer yes or no.	Please turn on the light.	Please say hello to Tom.	Answer, please, yes or no.	Please press OK to continue.	Don't answer too quickly.	She didn't answer him.
ください	1951695594	ja	en	お知らせください。	Please let me know.	Let me know immediately.	Let's stop drinking.	Let Tom go on.	Please come this way.	Please teach me French.	Tom is scared now.
ください	2287375822	ja	en	私にお付き合いください。	Please come with me.	They've come back.	Please sing with me.	Eat here with me.	Please pray for me.	Please keep my secret!	We'll come together.
ください	883835294	ja	en	お座りください。	Please be seated.	Hey, stop complaining.	Please go tomorrow.	Ziri was excited.	Tom is seated.	Mary seated herself.	Mary was adopted.
ください	883835294	ja	en	お座りください。	Sit down, please.	Sit down there.	Sit down now.	Sit down, Kate.	Speak up, please.	Sit back down.	You sit down.
ください	1384203665	ja	en	水をください。	Give me some water, please.	Please give this to her.	Give Ziri all four choices.	What can I give you?	Give me overseas service, please.	Let me stay here please.	Just give me a price.
ください	883835294	ja	en	お座りください。	Please sit down.	Sit down, please.	Please hold on.	Yanni came down.	Tom glanced down.	Please sit here.	Please stand aside.
ください	1081087877	ja	en	ジュースをください。	Juice, please.	Be curious.	Really? Why?	Kick! Kick!	Think big!	Look forward.	Fine. Where?
ください	1244969491	ja	en	サイダーをください。	I'd like some cider, please.	I didn't know Tom needed help.	I'll call you at three o'clock.	I'd like to return this.	I've been walking all day long.	He's a difficult cat to please.	Pass me a clothes peg, please.
ください	804482429	ja	en	これください。	I'll take it.	We're not fit.	I might know something.	I take it back.	I did it once.	Take their guns away.	I will take it.
ください	1384203665	ja	en	水をください。	Some water, please.	Some raindrops fell.	Another pillow, please.	Water the garden.	Cold water, please.	The soap, please.	Some fish fly.
ください	1384203665	ja	en	水をください。	Can I have some water, please?	Do you have a headache again?	Do you have your mobile with you?	Do you know how tall Tom is?	Can I have the key now, please?	Can I play you a song?	Can you find me Tom's address?
ください	1384203665	ja	en	水をください。	Water, please.	A lot.	Drop it.	Bring mangos.	Skip class.	Mary agreed.	I squinted.
ください	883835294	ja	en	お座りください。	Please have a seat.	Please bring some sandwiches.	Egypt is so great.	Tom, have a seat.	Please, say that again.	Please have some pie.	Shut up and eat.
ください	883835294	ja	en	お座りください。	Take a seat, please.	Come with me, please.	You may take this.	Please take a seat.	Have some coffee, Jamal.	Please take this seat.	Take both of them.
ください	1951695594	ja	en	お知らせください。	Please let us know.	We let misery spread.	Please take the job.	Please let me go.	No one can know.	Please turn the page.	Please let me know.
ください	2261363862	ja	en	私に少しください。	Give me a few.	My car is new.	Give me my dinner.	Give Tom a cookie.	Give me some time.	Give him a minute.	Give me that shield.
ください	156319767	ja	en	お楽しみください！	Enjoy yours!	2 pm.	Oh cool.	The Patriots.	We will!	Who sang?	Who won?
ください	425311050	ja	en	ビールをください。	A beer, please.	Tom is wise.	Some juice, please.	A bird flies.	Another beer, please.	Beer for everyone.	The check, please.
ください	883835294	ja	en	お座りください。	Please take a seat.	He's doing great.	He began to eat.	Take Tom somewhere else.	Please develop this film.	Tom wouldn't eat.	Please read the rules.
ください	2772256592	ja	en	私にも同じものをください。	Give me the same, please.	Pass me the pepper, please.	Turn on the radio, please.	Give me your telephone number.	Give me your hand, Mennad.	I will never give up!	Two slices of pizza please.
