hiragana	っ	hiragana letter っ	please select words with the letter っ	やっ	食べ	そう	おはよう	話し
hiragana	っ	hiragana letter っ	please select words with the letter っ	持っ	行く	かけ	おはよう	見	来る	ください
hiragana	っ	hiragana letter っ	please select words with the letter っ	あっ	行く	気	そう	来る	ください	こんにちは
hiragana	な	hiragana letter な	please select words with the letter な	ない	やっ	食べ	来る	話し	ください
hiragana	な	hiragana letter な	please select words with the letter な	なり	やっ	かけ	おはよう	見	あっ	話し
hiragana	な	hiragana letter な	please select words with the letter な	あなた	気	かけ	持っ	食べ	あっ	話し
hiragana	あ	hiragana letter あ	please select words with the letter あ	ある	気	ない	必要	行っ	家	会っ
hiragana	あ	hiragana letter あ	please select words with the letter あ	あなた	やっ	かけ	持っ	おはよう	食べ	そう
hiragana	あ	hiragana letter あ	please select words with the letter あ	あっ	見	必要	来る	行っ	ください	さようなら
hiragana	い	hiragana letter い	please select words with the letter い	いい	思っ	食べ	見	なっ	家
hiragana	い	hiragana letter い	please select words with the letter い	ください	ある	見	食べ	考え	あなた	なっ
hiragana	い	hiragana letter い	please select words with the letter い	ない	行く	食べ	あり	あっ	あなた	する
hiragana	る	hiragana letter る	please select words with the letter る	ある	食べ	見	必要	ください	なっ
hiragana	る	hiragana letter る	please select words with the letter る	いる	持っ	思っ	食べ	必要	行っ	でき
hiragana	る	hiragana letter る	please select words with the letter る	する	やっ	思っ	食べ	あっ	考え	でき
hiragana	く	hiragana letter く	please select words with the letter く	ください	思っ	あり	必要	あなた	時	どう
hiragana	く	hiragana letter く	please select words with the letter く	行く	なる	思っ	いい	する	いる
hiragana	く	hiragana letter く	please select words with the letter く	くれ	ある	あり	いる	考え	言っ	する
hiragana	れ	hiragana letter れ	please select words with the letter れ	くれ	ない	ある	でき	もの	さ	どう
hiragana	れ	hiragana letter れ	please select words with the letter れ	それ	ない	もの	でき	いい	人
hiragana	れ	hiragana letter れ	please select words with the letter れ	これ	なる	考え	あなた	どう	いい	さ
hiragana	こ	hiragana letter こ	please select words with the letter こ	こと	本	もの	いっ	時	くれ	仕事
hiragana	こ	hiragana letter こ	please select words with the letter こ	どこ	思う	本	どう	いっ	くれ	いい
hiragana	こ	hiragana letter こ	please select words with the letter こ	これ	なる	来	本当	いっ	し	知っ
hiragana	う	hiragana letter う	please select words with the letter う	どう	来	もの	いっ	仕事	日	時間
hiragana	う	hiragana letter う	please select words with the letter う	言う	本	本当	こと	くれ	仕事	知っ
hiragana	う	hiragana letter う	please select words with the letter う	思う	来	本当	でき	こと	いっ	し
hiragana	さ	hiragana letter さ	please select words with the letter さ	ください	これ	来	本当	仕事	日	それ
hiragana	さ	hiragana letter さ	please select words with the letter さ	さ	なる	本	でき	それ	知っ	いる
hiragana	さ	hiragana letter さ	please select words with the letter さ	なさい	思う	なる	これ	本当	くれ	いい
kanji	行	kanji letter 行	please select words with the letter 行	行っ	問題	来	事	なさい	仕事	日
kanji	行	kanji letter 行	please select words with the letter 行	行く	なる	問題	来	時	日	時間
kanji	行	kanji letter 行	please select words with the letter 行	行き	問題	来	勉強	こと	いっ	し
hiragana	き	hiragana letter き	please select words with the letter き	行き	問題	事	本当	なさい	くれ	仕事
hiragana	き	hiragana letter き	please select words with the letter き	でき	来	事	なさい	いっ	し	時間
hiragana	き	hiragana letter き	please select words with the letter き	き	これ	問題	本当	こと	どこ
kanji	思	kanji letter 思	please select words with the letter 思	思っ	方	これ	事	本当	くれ	行き
kanji	思	kanji letter 思	please select words with the letter 思	思い	なる	勉強	なさい	こと	くれ	行き
kanji	思	kanji letter 思	please select words with the letter 思	思う	問題	事	いっ	仕事	行き	知っ
kanji	話	kanji letter 話	please select words with the letter 話	電話	思い	本当	なかっ	どこ	聞い	知っ
kanji	話	kanji letter 話	please select words with the letter 話	話し	気	思う	方	できる	本当	言う
kanji	話	kanji letter 話	please select words with the letter 話	話	気	思う	本当	なさい	いっ	できる
hiragana	り	hiragana letter り	please select words with the letter り	つもり	方	勉強	そう	本当	話し	聞い
hiragana	り	hiragana letter り	please select words with the letter り	なり	電話	問題	聞い	行き	知っ
hiragana	り	hiragana letter り	please select words with the letter り	あり	気	思い	なさい	いっ	よい	行き
kanji	言	kanji letter 言	please select words with the letter 言	言わ	住ん	忘れ	男	入っ	理解	車
kanji	言	kanji letter 言	please select words with the letter 言	言っ	忘れ	話	そう	成功	み	金
kanji	言	kanji letter 言	please select words with the letter 言	言う	忘れ	話	良い	先生	知ら	教え
hiragana	し	hiragana letter し	please select words with the letter し	しよう	教え	結婚	信じ	男	一緒	理解
hiragana	し	hiragana letter し	please select words with the letter し	話し	かけ	結婚	一緒	男	入っ	理解
hiragana	し	hiragana letter し	please select words with the letter し	し	かけ	忘れ	成功	信じ	男	み
kanji	見	kanji letter 見	please select words with the letter 見	見る	先生	来る	言わ	理解	読ん	会っ
kanji	見	kanji letter 見	please select words with the letter 見	見え	かけ	来る	言わ	しよう	理解	会っ
kanji	見	kanji letter 見	please select words with the letter 見	見	なら	かけ	先生	来る	言わ	理解
hiragana	え	hiragana letter え	please select words with the letter え	考え	先生	来る	言わ	しよう	メアリー
hiragana	え	hiragana letter え	please select words with the letter え	見え	信じ	しよう	年	始め	会っ	悪い
hiragana	え	hiragana letter え	please select words with the letter え	教え	なら	友達	来る	信じ	一緒	言わ
hiragana	つ	hiragana letter つ	please select words with the letter つ	つもり	先生	信じ	言わ	理解	悪い	メアリー
hiragana	つ	hiragana letter つ	please select words with the letter つ	いつ	友達	入れ	メアリー	言わ	多い	年
hiragana	つ	hiragana letter つ	please select words with the letter つ	つけ	かけ	入れ	注意	いけ	多い	理解
hiragana	け	hiragana letter け	please select words with the letter け	いけ	なら	意味	信じ	見え	しよう	読ん
hiragana	け	hiragana letter け	please select words with the letter け	つけ	なら	注意	一緒	多い	悪い	見る
hiragana	け	hiragana letter け	please select words with the letter け	かけ	信じ	言わ	しよう	理解	読ん	始め
hiragana	か	hiragana letter か	please select words with the letter か	行か	会い	信じ	出発	見え	しよう	メアリー
hiragana	か	hiragana letter か	please select words with the letter か	なかっ	寝	注意	出発	見え	しよう	始め
hiragana	か	hiragana letter か	please select words with the letter か	かけ	寝	入れ	注意	信じ	ため	見え
hiragana	と	hiragana letter と	please select words with the letter と	ありがとう	かけ	会い	寝	出発	見え	多い
hiragana	と	hiragana letter と	please select words with the letter と	ところ	かけ	意味	来る	多い	与え	見え
hiragana	と	hiragana letter と	please select words with the letter と	こと	いけ	出発	見え	つい	始め	会っ
kanji	出	kanji letter 出	please select words with the letter 出	出	かけ	会い	いけ	与え	つい	話す
kanji	出	kanji letter 出	please select words with the letter 出	出発	かけ	入れ	来る	いけ	しよう	名前
kanji	出	kanji letter 出	please select words with the letter 出	出し	かけ	入れ	注意	いけ	行か	始め
hiragana	ど	hiragana letter ど	please select words with the letter ど	どの	書い	出し	いけ	出発	つけ	高い
hiragana	ど	hiragana letter ど	please select words with the letter ど	どう	出し	寝	出発	高い	つけ	与え
hiragana	ど	hiragana letter ど	please select words with the letter ど	どこ	書い	出し	会い	ため	受け	行か
hiragana	ら	hiragana letter ら	please select words with the letter ら	なら	書い	意味	注意	いけ	出発	一番
hiragana	ら	hiragana letter ら	please select words with the letter ら	知ら	寝	注意	いけ	ため	出発	多い
hiragana	ら	hiragana letter ら	please select words with the letter ら	わから	会い	つけ	一番	多い	ありがとう	話す
kanji	一	kanji letter 一	please select words with the letter 一	一人	上	あげ	犬	下さい	運転	ありがとう
kanji	一	kanji letter 一	please select words with the letter 一	一番	上	あげ	出し	出発	下さい	言い
kanji	一	kanji letter 一	please select words with the letter 一	一緒	上	わから	ため	行か	旅行	犬
hiragana	め	hiragana letter め	please select words with the letter め	始め	部屋	心配	一人	難しい	わから	言い
hiragana	め	hiragana letter め	please select words with the letter め	やめ	どの	遅れ	下さい	計画	犬
hiragana	め	hiragana letter め	please select words with the letter め	ため	どの	願い	心配	失敗	一番	言い
hiragana	す	hiragana letter す	please select words with the letter す	すれ	どの	願い	一人	遅れ	下さい	一番
hiragana	す	hiragana letter す	please select words with the letter す	話す	上	どの	願い	心配	失敗	遅れ
hiragana	す	hiragana letter す	please select words with the letter す	する	やめ	欲しい	わから	一人	失敗	運転
kanji	気	kanji letter 気	please select words with the letter 気	病気	やめ	願い	一人	難しい	失敗	言い
kanji	気	kanji letter 気	please select words with the letter 気	気分	すれ	難しい	働い	失敗	下さい	言い
kanji	気	kanji letter 気	please select words with the letter 気	気	やめ	願い	部屋	計画	子	見える
hiragana	よ	hiragana letter よ	please select words with the letter よ	しよう	疲れ	すれ	難しい	働い	失敗	子
hiragana	よ	hiragana letter よ	please select words with the letter よ	よい	やめ	約束	難しい	一人	病気	分から
hiragana	よ	hiragana letter よ	please select words with the letter よ	よかっ	約束	すれ	難しい	働い	遅れ	いう
hiragana	わ	hiragana letter わ	please select words with the letter わ	言わ	よかっ	疲れ	病気	起き	失敗	子
hiragana	わ	hiragana letter わ	please select words with the letter わ	わから	よかっ	疲れ	起き	失敗	歩い	子
hiragana	わ	hiragana letter わ	please select words with the letter わ	わかっ	約束	病気	起き	いう	計画	見える
kanji	来	kanji letter 来	please select words with the letter 来	来る	やめ	わかっ	作っ	覚え	病気	働い
kanji	来	kanji letter 来	please select words with the letter 来	来	よかっ	覚え	病気	働い	子	見える
kanji	来	kanji letter 来	please select words with the letter 来	出来	よかっ	すれ	通り	歩い	分から	食べる
hiragana	ん	hiragana letter ん	please select words with the letter ん	住ん	作っ	座っ	親切	子	分から	気分
hiragana	ん	hiragana letter ん	please select words with the letter ん	読ん	わかっ	作っ	疲れ	約束	気分	座っ
hiragana	ん	hiragana letter ん	please select words with the letter ん	死ん	作っ	約束	親切	子	分から	食べる
kanji	分	kanji letter 分	please select words with the letter 分	分から	疲れ	出来	子	美しい	食べる
kanji	分	kanji letter 分	please select words with the letter 分	気分	幸せ	よかっ	作っ	覚え	約束	出来
kanji	分	kanji letter 分	please select words with the letter 分	分	幸せ	作っ	覚え	疲れ	出来	はず
hiragana	や	hiragana letter や	please select words with the letter や	やっ	幸せ	よかっ	覚え	親切	分	気分
hiragana	や	hiragana letter や	please select words with the letter や	やめ	わかっ	分から	作っ	親切	分	見える
hiragana	や	hiragana letter や	please select words with the letter や	やり	よかっ	作っ	出来	努力	楽しい	子
hiragana	も	hiragana letter も	please select words with the letter も	つもり	幸せ	わかっ	終わっ	手伝っ	雨	見つけ
hiragana	も	hiragana letter も	please select words with the letter も	もらっ	幸せ	覚え	手伝っ	親切	考え	はず
hiragana	も	hiragana letter も	please select words with the letter も	もの	幸せ	かかっ	親切	考え	はず	思わ
kanji	生	kanji letter 生	please select words with the letter 生	先生	読み	す	質問	予定	着	健康
kanji	生	kanji letter 生	please select words with the letter 生	生き	幸せ	読み	雨	感じ	見つけ	着
kanji	生	kanji letter 生	please select words with the letter 生	学生	続け	夢	はず	思わ	やり	健康
hiragana	み	hiragana letter み	please select words with the letter み	読み	幸せ	違い	雨	夢	考え	生き
hiragana	み	hiragana letter み	please select words with the letter み	飲み	続け	取っ	夢	す	かかっ	はず
hiragana	み	hiragana letter み	please select words with the letter み	み	幸せ	違い	夢	感じ	分	生き
kanji	人	kanji letter 人	please select words with the letter 人	一人	違い	映画	終わっ	感じ	考え	開け
kanji	人	kanji letter 人	please select words with the letter 人	人	飲ん	取っ	飲み	考え	開け	起こっ
kanji	人	kanji letter 人	please select words with the letter 人	人間	違い	飲ん	取っ	飲み	読み	夢
hiragana	た	hiragana letter た	please select words with the letter た	ため	違い	取っ	映画	す	感じ	着い
hiragana	た	hiragana letter た	please select words with the letter た	いただけ	違い	す	感じ	予定	生き	もらっ
hiragana	た	hiragana letter た	please select words with the letter た	あなた	違い	読み	見つけ	着	学生	生き
kanji	間	kanji letter 間	please select words with the letter 間	間違い	いただけ	違い	夢	開け	着い	起こっ
kanji	間	kanji letter 間	please select words with the letter 間	人間	違い	続け	終わっ	見つけ	予定	起こっ
kanji	間	kanji letter 間	please select words with the letter 間	時間	続け	取っ	映画	終わっ	読み	感じ
kanji	入	kanji letter 入	please select words with the letter 入	入っ	違い	読み	映画	着い	起こっ	生き
kanji	入	kanji letter 入	please select words with the letter 入	入り	いただけ	違い	予定	着い	間違い	生き
kanji	入	kanji letter 入	please select words with the letter 入	入れ	降り	映画	予定	開け	着い	間違い
kanji	子	kanji letter 子	please select words with the letter 子	子	探し	見せ	散歩	買う	手紙
kanji	子	kanji letter 子	please select words with the letter 子	子供	試し	どれ	やる	きれい	前	手紙
kanji	子	kanji letter 子	please select words with the letter 子	女の子	見せ	場所	立っ	どれ	散歩	ドル
hiragana	の	hiragana letter の	please select words with the letter の	どの	決め	元気	生まれ	立っ	散歩	やる
hiragana	の	hiragana letter の	please select words with the letter の	もの	探し	試し	場所	どれ	散歩	ここ
hiragana	の	hiragana letter の	please select words with the letter の	女の子	分かっ	元気	求め	国	ドル	前
kanji	読	kanji letter 読	please select words with the letter 読	読み	嫌い	求め	戻っ	忙しい	散歩	きれい
kanji	読	kanji letter 読	please select words with the letter 読	読む	嫌い	まま	求め	散歩	前
kanji	読	kanji letter 読	please select words with the letter 読	読ん	分かっ	生まれ	戻っ	散歩	きれい	女の子
kanji	着	kanji letter 着	please select words with the letter 着	到着	読む	まま	女の子	ここ	前	買う
kanji	着	kanji letter 着	please select words with the letter 着	着い	分かっ	元気	読む	嫌い	ござい	医者
kanji	着	kanji letter 着	please select words with the letter 着	着	分かっ	戻っ	忙しい	散歩	女の子	買う
kanji	知	kanji letter 知	please select words with the letter 知	知っ	分かっ	読む	嫌い	忙しい	きれい	言え
kanji	知	kanji letter 知	please select words with the letter 知	知ら	分かっ	得	嫌い	求め	面白い	きれい
kanji	知	kanji letter 知	please select words with the letter 知	知り	貸し	嫌い	生まれ	まま	ござい	忙しい
kanji	違	kanji letter 違	please select words with the letter 違	間違い	得	嫌い	行け	忙しい	医者	出席
kanji	違	kanji letter 違	please select words with the letter 違	違い	元気	貸し	知り	ござい	戻っ	医者
kanji	違	kanji letter 違	please select words with the letter 違	間違っ	ござい	言え	戻っ	医者	出席	面白い
kanji	会	kanji letter 会	please select words with the letter 会	会い	危険	嫌い	まま	行け	医者	ドル
kanji	会	kanji letter 会	please select words with the letter 会	会っ	得	嫌い	まま	忙しい	医者	到着
kanji	会	kanji letter 会	please select words with the letter 会	会う	危険	嫌い	まま	戻っ	行け	面白い
kanji	買	kanji letter 買	please select words with the letter 買	買っ	危険	家族	天気	知り	走っ	出席
kanji	買	kanji letter 買	please select words with the letter 買	買い	危険	天気	利用	得	知り	助け
kanji	買	kanji letter 買	please select words with the letter 買	買う	利用	到着	間違っ	会う
kanji	聞	kanji letter 聞	please select words with the letter 聞	聞い	とっ	乗っ	違う	天気	利用	助け
kanji	聞	kanji letter 聞	please select words with the letter 聞	聞き	乗っ	違う	明日	満足	助け	落ち
kanji	聞	kanji letter 聞	please select words with the letter 聞	聞こえ	いかが	乗っ	違う	危険	天気	利用
kanji	使	kanji letter 使	please select words with the letter 使	使わ	違う	過ごし	賛成	わかり	方法	怒っ
kanji	使	kanji letter 使	please select words with the letter 使	使っ	置い	違う	過ごし	明日	わかり	最高
kanji	使	kanji letter 使	please select words with the letter 使	使い	とっ	違う	乗っ	明日	かかり	最高
kanji	立	kanji letter 立	please select words with the letter 立	役立ち	置い	とっ	過ごし	わかり	最高	落ち
kanji	立	kanji letter 立	please select words with the letter 立	立て	とっ	違う	かかり	物	聞き	落ち
kanji	立	kanji letter 立	please select words with the letter 立	立っ	とっ	乗っ	使わ	明日	満足	落ち
hiragana	せ	hiragana letter せ	please select words with the letter せ	幸せ	使い	過ごし	明日	賛成	満足	聞き
hiragana	せ	hiragana letter せ	please select words with the letter せ	話せ	置い	乗っ	使わ	役立ち	わかり	落ち
hiragana	せ	hiragana letter せ	please select words with the letter せ	見せ	いかが	かかり	役立ち	最高	聞き	方法
hiragana	ち	hiragana letter ち	please select words with the letter ち	役立ち	いかが	乗っ	最高	怒っ	話せ
hiragana	ち	hiragana letter ち	please select words with the letter ち	金持ち	とっ	違う	使わ	物	聞き
hiragana	ち	hiragana letter ち	please select words with the letter ち	落ち	いかが	過ごし	使わ	満足	物	正しい
kanji	意	kanji letter 意	please select words with the letter 意	意見	置い	使わ	関係	行動	最高	怒っ
kanji	意	kanji letter 意	please select words with the letter 意	注意	喜ん	使わ	役立ち	落ち	書く	話せ
kanji	意	kanji letter 意	please select words with the letter 意	意味	置い	喜ん	関係	役立ち	送っ	花
hiragana	べ	hiragana letter べ	please select words with the letter べ	調べ	猫	乗り	若い	コーヒー	女性	我慢
hiragana	べ	hiragana letter べ	please select words with the letter べ	食べる	尋ね	答え	使う	無駄	大きい	女性
hiragana	べ	hiragana letter べ	please select words with the letter べ	食べ	美味しい	猫	コーヒー	若い	女性	参加
kanji	書	kanji letter 書	please select words with the letter 書	書い	眠っ	写真	いか	つく	大きい	出る
kanji	書	kanji letter 書	please select words with the letter 書	書き	眠っ	話せる	分かり	つく	解決	大きい
kanji	書	kanji letter 書	please select words with the letter 書	書く	話せる	解決	帰宅	伝え	滞在	調べ
kanji	動	kanji letter 動	please select words with the letter 動	運動	わかる	どうぞ	なれ	いか	解決	深い
kanji	動	kanji letter 動	please select words with the letter 動	行動	入る	どうぞ	話せる	分かり	止め	帰宅
kanji	動	kanji letter 動	please select words with the letter 動	動物	わかる	なれ	書き	いか	辞書	困っ
kanji	作	kanji letter 作	please select words with the letter 作	作っ	レストラン	考える	やら	訪ね	寒い	認め
kanji	作	kanji letter 作	please select words with the letter 作	作る	行こう	遅刻	予約	認め	少し	分かる
kanji	作	kanji letter 作	please select words with the letter 作	作り	レストラン	遅刻	寒い	言語	友人	予約
kanji	待	kanji letter 待	please select words with the letter 待	招待	着く	注文	出身	初めて	やら	言語
kanji	待	kanji letter 待	please select words with the letter 待	待ち	嘘	やら	少し	尊敬	分かる	せい
kanji	待	kanji letter 待	please select words with the letter 待	待っ	着く	初めて	言語	少し	分かる	寝る
hiragana	だ	hiragana letter だ	please select words with the letter だ	ください	残っ	失っ	作る	初めて	度	続い
hiragana	だ	hiragana letter だ	please select words with the letter だ	だめ	作る	初めて	言語	招待	予約	続い
hiragana	だ	hiragana letter だ	please select words with the letter だ	いただけ	呼ん	嘘	初めて	度	泣い	町
kanji	理	kanji letter 理	please select words with the letter 理	料理	呼ん	着く	不足	出身	度	だめ
kanji	理	kanji letter 理	please select words with the letter 理	理解	呼ん	着く	残っ	作る	嘘	町
kanji	理	kanji letter 理	please select words with the letter 理	無理	呼ん	出身	嘘	言語	予約	弟
kanji	帰	kanji letter 帰	please select words with the letter 帰	帰る	なし	呼ん	だめ	切っ	修理	なくし
kanji	帰	kanji letter 帰	please select words with the letter 帰	帰宅	聞か	呼ん	失っ	だめ	果たし	弟
kanji	帰	kanji letter 帰	please select words with the letter 帰	帰っ	残っ	度	行わ	果たし	泣い	弟
kanji	飲	kanji letter 飲	please select words with the letter 飲	飲む	残っ	だめ	一	行わ	続い	弟
kanji	飲	kanji letter 飲	please select words with the letter 飲	飲み	なくし	失っ	要求	泣い	続い	切っ
kanji	飲	kanji letter 飲	please select words with the letter 飲	飲ん	聞か	なし	呼ん	要求	帰る	続い
kanji	食	kanji letter 食	please select words with the letter 食	食事	なくし	残っ	要求	度	弟	正直
kanji	食	kanji letter 食	please select words with the letter 食	食べる	残っ	度	飲む	果たし	泣い	弟
kanji	食	kanji letter 食	please select words with the letter 食	食べ	呼ん	不足	要求	度	飲む	一
kanji	事	kanji letter 事	please select words with the letter 事	食事	残っ	要求	飲む	行わ	呼ば
kanji	事	kanji letter 事	please select words with the letter 事	事	なし	不足	だめ	一	いれ	帰る
kanji	事	kanji letter 事	please select words with the letter 事	仕事	度	泣い	弟	切っ	無理	なくし
kanji	無	kanji letter 無	please select words with the letter 無	無い	聞か	食事	行わ	帰る	切っ	修理
kanji	無	kanji letter 無	please select words with the letter 無	無理	聞か	食事	要求	いれ	果たし	訪れ
kanji	無	kanji letter 無	please select words with the letter 無	無駄	聞か	なし	食事	要求	行わ	つか
kanji	起	kanji letter 起	please select words with the letter 起	起こっ	聞か	要求	いれ	飼っ	飲む	限ら
kanji	起	kanji letter 起	please select words with the letter 起	起き	要求	行わ	帰る	働く	無理
kanji	起	kanji letter 起	please select words with the letter 起	起こし	食事	無い	要求	一	果たし	訪れ
kanji	物	kanji letter 物	please select words with the letter 物	食べ物	いれ	飼っ	小さい	一	帰る	飲む
kanji	物	kanji letter 物	please select words with the letter 物	動物	聞か	限ら	訪れ	働く	帰る	果たし
kanji	物	kanji letter 物	please select words with the letter 物	物	飲む	いれ	一	行わ	掃除	聞く
hiragana	ま	hiragana letter ま	please select words with the letter ま	うまい	聞か	一	飲む	飼っ	限ら	食べ物
hiragana	ま	hiragana letter ま	please select words with the letter ま	まま	要求	飲む	飼っ	起こし	食べ物	呼ば
hiragana	ま	hiragana letter ま	please select words with the letter ま	生まれ	無い	一	小さい	いれ	限ら	食べ物
kanji	楽	kanji letter 楽	please select words with the letter 楽	楽しい	信頼	うれしい	選ん	次第	取り	ダメ
kanji	楽	kanji letter 楽	please select words with the letter 楽	楽しかっ	旅	番	ダメ	黙っ	閉め	迎え
kanji	楽	kanji letter 楽	please select words with the letter 楽	楽しん	うれしい	選ん	取り	休ん	迎え
hiragana	げ	hiragana letter げ	please select words with the letter げ	おかげ	離れ	番	鳴っ	選ん	休ん	ダメ
hiragana	げ	hiragana letter げ	please select words with the letter げ	あげ	紹介	番	鳴っ	回復	休ん	書か
hiragana	げ	hiragana letter げ	please select words with the letter げ	逃げ	責任	番	取り	書か	閉め	迎え
hiragana	ご	hiragana letter ご	please select words with the letter ご	過ごし	番	鳴っ	亡くなっ	取り	楽しかっ	ダメ
hiragana	ご	hiragana letter ご	please select words with the letter ご	ござい	信頼	逃げ	鳴っ	次第	休ん	真実
hiragana	ご	hiragana letter ご	please select words with the letter ご	ごめん	うれしい	離れ	旅	番	選ん	亡くなっ
kanji	降	kanji letter 降	please select words with the letter 降	降っ	うれしい	旅	番	次第	楽しかっ	休ん
kanji	降	kanji letter 降	please select words with the letter 降	降り	信頼	間違え	逃げ	笑わ	取り	楽しかっ
kanji	降	kanji letter 降	please select words with the letter 降	降る	ごめん	紹介	離れ	逃げ	回復	楽しかっ
kanji	失	kanji letter 失	please select words with the letter 失	失敗	降る	ごめん	間違え	次第	迎え	鍵
kanji	失	kanji letter 失	please select words with the letter 失	失っ	嬉しい	うれしい	鳴っ	番	選ん	回復
kanji	失	kanji letter 失	please select words with the letter 失	失礼	ごめん	嬉しい	間違え	旅	笑わ	鳴っ
kanji	少	kanji letter 少	please select words with the letter 少	少女	降る	ごめん	嬉しい	間違え	逃げ	合わ
kanji	少	kanji letter 少	please select words with the letter 少	少年	降る	うれしい	逃げ	旅	選ん	亡くなっ
kanji	少	kanji letter 少	please select words with the letter 少	少し	ごめん	逃げ	次第	休ん	迎え
kanji	女	kanji letter 女	please select words with the letter 女	少女	失礼	うれしい	番	選ん	亡くなっ	休ん
kanji	女	kanji letter 女	please select words with the letter 女	女性	降る	間違え	逃げ	鳴っ	番	次第
kanji	女	kanji letter 女	please select words with the letter 女	女の子	嬉しい	間違え	逃げ	旅	鳴っ	楽しかっ
kanji	持	kanji letter 持	please select words with the letter 持	金持ち	奴	嬉しい	付け	冗談	やつ	ひどい
kanji	持	kanji letter 持	please select words with the letter 持	持っ	気づい	降る	間違え	付け	合わ	楽しかっ
kanji	持	kanji letter 持	please select words with the letter 持	持ち	奴	間違え	冗談	回復	楽しかっ	払っ
kanji	働	kanji letter 働	please select words with the letter 働	働く	降る	逃げ	付け	入れる	持ち	亡くなっ
kanji	働	kanji letter 働	please select words with the letter 働	働き	奴	嬉しい	失礼	付け	持ち	回復
kanji	働	kanji letter 働	please select words with the letter 働	働い	降る	嬉しい	入れる	楽しかっ	回復	ひどい
kanji	歩	kanji letter 歩	please select words with the letter 歩	歩き	売っ	降る	走る	ごめん	失礼	間違え
kanji	歩	kanji letter 歩	please select words with the letter 歩	散歩	気づい	走る	逃げ	持ち	合わ	早起き
kanji	歩	kanji letter 歩	please select words with the letter 歩	歩い	売っ	走る	ごめん	失礼	逃げ	持ち
kanji	信	kanji letter 信	please select words with the letter 信	信用	気づい	売っ	嬉しい	失礼	逃げ	持ち
kanji	信	kanji letter 信	please select words with the letter 信	信じ	逃げ	付け	持ち	店	早起き	働き
kanji	信	kanji letter 信	please select words with the letter 信	信頼	嬉しい	入れる	合わ	回復	払っ	やつ
katakana	ス	katakana letter ス	please select words with the letter ス	バス	売っ	気づい	入れる	歩き	冗談	ひどい
katakana	ス	katakana letter ス	please select words with the letter ス	キス	奴	付け	持ち	歩き	払っ	ひどい
katakana	ス	katakana letter ス	please select words with the letter ス	レストラン	売っ	走る	付け	信用	冗談	店
kanji	手	kanji letter 手	please select words with the letter 手	手伝っ	奴	上げ	入れる	店	ひどい	やつ
kanji	手	kanji letter 手	please select words with the letter 手	手紙	付け	上げ	入れる	冗談	早起き	ひどい
kanji	手	kanji letter 手	please select words with the letter 手	選手	売っ	付け	上げ	入れる	店	払っ
katakana	メ	katakana letter メ	please select words with the letter メ	カメラ	バス	どちら	連れ	泳い	もらい
katakana	メ	katakana letter メ	please select words with the letter メ	ダメ	バス	どちら	案内	泳い	負け	上げ
katakana	メ	katakana letter メ	please select words with the letter メ	メアリー	連れ	泳い	負け	上げ	歩き	空い
kanji	通	kanji letter 通	please select words with the letter 通	通っ	返し	うんざり	思え	怖い	増え	勝つ
kanji	通	kanji letter 通	please select words with the letter 通	通し	出す	思え	いただき	びっくり	勝つ	泣き
kanji	通	kanji letter 通	please select words with the letter 通	通り	うんざり	苦手	消え	いただき	つき	出来る
kanji	問	kanji letter 問	please select words with the letter 問	訪問	消え	思え	びっくり	月	怖い	確認
kanji	問	kanji letter 問	please select words with the letter 問	問題	うんざり	いただき	びっくり	泳ぐ	つき	起こる
kanji	問	kanji letter 問	please select words with the letter 問	質問	返し	出す	とる	思え	いただき	出来る
kanji	訪	kanji letter 訪	please select words with the letter 訪	訪問	返し	出す	思え	びっくり	月	つき
kanji	訪	kanji letter 訪	please select words with the letter 訪	訪れ	通し	興奮	泳ぐ	勝つ	歌っ	いき
kanji	訪	kanji letter 訪	please select words with the letter 訪	訪ね	とる	消え	興奮	びっくり	月	勝つ
kanji	明	kanji letter 明	please select words with the letter 明	明日	うんざり	安い	苦手	通し	思え	盗ま
kanji	明	kanji letter 明	please select words with the letter 明	説明	返し	安い	びっくり	月	つき	訪問
kanji	明	kanji letter 明	please select words with the letter 明	発明	安い	思え	泳ぐ	増え	訪問	歌っ
kanji	年	kanji letter 年	please select words with the letter 年	年上	返し	安い	くる	出来る	発明	訪問
kanji	年	kanji letter 年	please select words with the letter 年	少年	返し	勤勉	泳ぐ	出来る	発明	勝つ
kanji	年	kanji letter 年	please select words with the letter 年	年	くる	理由	月	つき	出来る	発明
kanji	上	kanji letter 上	please select words with the letter 上	上げ	思え	月	出来る	発明	勝つ	歌っ
kanji	上	kanji letter 上	please select words with the letter 上	年上	勤勉	理由	興奮	泳ぐ	増え	盗ま
kanji	上	kanji letter 上	please select words with the letter 上	上	勤勉	安い	泳ぐ	出来る	盗ま	いき
kanji	高	kanji letter 高	please select words with the letter 高	高	年上	歌手	通し	近く	理由	なくなっ
kanji	高	kanji letter 高	please select words with the letter 高	最高	少ない	歌手	通し	興奮	暑い	訪問
kanji	高	kanji letter 高	please select words with the letter 高	高い	勤勉	安い	近く	理由	泳ぐ
kanji	始	kanji letter 始	please select words with the letter 始	始め	歌手	起きる	帰り	暑い	高	眠れ
kanji	始	kanji letter 始	please select words with the letter 始	始まる	守ら	息子	近く	理由	守る	暑い
kanji	始	kanji letter 始	please select words with the letter 始	始まっ	勤勉	年上	起きる	息子	理由	なくなっ
kanji	伝	kanji letter 伝	please select words with the letter 伝	手伝い	年上	くる	起きる	とこ	理由	帰り
kanji	伝	kanji letter 伝	please select words with the letter 伝	伝え	くる	歌手	起きる	息子	とこ	近く
kanji	伝	kanji letter 伝	please select words with the letter 伝	手伝っ	年上	勤勉	くる	起きる	息子	近く
kanji	学	kanji letter 学	please select words with the letter 学	学校	勤勉	年上	始まる	息子	守る	帰り
kanji	学	kanji letter 学	please select words with the letter 学	学び	守ら	始まっ	息子	手伝い
kanji	学	kanji letter 学	please select words with the letter 学	学生	少ない	始まる	起きる	近く	息子	理由
kanji	変	kanji letter 変	please select words with the letter 変	変わっ	手伝い	なくなっ	守る	帰り	高	始まっ
kanji	変	kanji letter 変	please select words with the letter 変	変え	速い	守ら	色	手伝い	近く	息子
kanji	変	kanji letter 変	please select words with the letter 変	変	速い	色	近く	守る	許し
kanji	足	kanji letter 足	please select words with the letter 足	足り	速い	変	気持ち	すばらしい	飲ま	耐え
kanji	足	kanji letter 足	please select words with the letter 足	不足	一致	色	変	許し	飲ま	直し
kanji	足	kanji letter 足	please select words with the letter 足	満足	一致	手伝い	変	許し	気持ち	耐え
hiragana	が	hiragana letter が	please select words with the letter が	上がっ	待た	変	すばらしい	買え	買わ	迷っ
hiragana	が	hiragana letter が	please select words with the letter が	いかが	早い	変	勝っ	すばらしい	迷っ	ほしい
hiragana	が	hiragana letter が	please select words with the letter が	ありがとう	早い	落とし	すばらしい	気持ち	直し	足り
hiragana	て	hiragana letter て	please select words with the letter て	立て	待た	歓迎	賢い	勝っ	使え	買わ
hiragana	て	hiragana letter て	please select words with the letter て	初めて	送り	種	歓迎	上がっ	落とし	使え
hiragana	て	hiragana letter て	please select words with the letter て	育て	作ら	使え	集中	買わ	ほしい	壊れ
kanji	選	kanji letter 選	please select words with the letter 選	選択	賢い	上がっ	使え	ほしい	欠席	良かっ
kanji	選	kanji letter 選	please select words with the letter 選	選手	送り	作ら	上がっ	賢い	建て	買わ
kanji	選	kanji letter 選	please select words with the letter 選	選ん	加え	歓迎	建て	落とし	迷っ	欠席
kanji	終	kanji letter 終	please select words with the letter 終	終わら	加え	すい	いらっしゃい	受ける	洗っ	建て
kanji	終	kanji letter 終	please select words with the letter 終	終わっ	いらっしゃい	捨て	受ける	無視	休み	願っ
kanji	終	kanji letter 終	please select words with the letter 終	終え	いらっしゃい	休み	あげよう	当て	育て
kanji	成	kanji letter 成	please select words with the letter 成	完成	すい	鳥	捨て	着き	もたらし
kanji	成	kanji letter 成	please select words with the letter 成	成功	行ける	置き	着き	もたらし	当て
kanji	成	kanji letter 成	please select words with the letter 成	賛成	鳥	捨て	着き	もたらし	終わら	願っ
hiragana	じ	hiragana letter じ	please select words with the letter じ	信じ	捨て	終わら	描い	願っ	捜し
hiragana	じ	hiragana letter じ	please select words with the letter じ	信じる	すい	行ける	完成	いらっしゃい	受ける	明るい
hiragana	じ	hiragana letter じ	please select words with the letter じ	感じ	捨て	休み	明るい	願っ	捜し	引い
kanji	走	kanji letter 走	please select words with the letter 走	走り	行ける	完成	木	鳥	捨て	死ぬ
kanji	走	kanji letter 走	please select words with the letter 走	走っ	木	鳥	置き	捨て	暇	死ぬ
kanji	走	kanji letter 走	please select words with the letter 走	走る	いらっしゃい	木	置き	受ける	もたらし	無視
hiragana	ろ	hiragana letter ろ	please select words with the letter ろ	おもしろい	完成	中	願っ	当て	退屈
hiragana	ろ	hiragana letter ろ	please select words with the letter ろ	よろしい	許さ	死ぬ	もたらし	明るい	描い	がっかり
hiragana	ろ	hiragana letter ろ	please select words with the letter ろ	ところ	禁止	完成	信じる	中	願っ	軽蔑
hiragana	お	hiragana letter お	please select words with the letter お	おかげ	禁止	一杯	死ぬ	休み	描い	がっかり
hiragana	お	hiragana letter お	please select words with the letter お	おもしろい	登っ	中	死ぬ	休み	がっかり	倒れ
hiragana	お	hiragana letter お	please select words with the letter お	おいしい	完成	木	立た	登っ	一杯	終わら
kanji	遅	kanji letter 遅	please select words with the letter 遅	遅れ	禁止	完成	登っ	終わら	当て	捜し
kanji	遅	kanji letter 遅	please select words with the letter 遅	遅刻	許さ	中	終わら	描い	がっかり	当て
kanji	遅	kanji letter 遅	please select words with the letter 遅	遅れる	おもしろい	信じる	もたらし	明るい	描い	引い
kanji	近	kanji letter 近	please select words with the letter 近	近い	おもしろい	禁止	木	都市	一杯	達し
kanji	近	kanji letter 近	please select words with the letter 近	近づい	聞こえる	禁止	立た	都市	死ぬ	達し
kanji	近	kanji letter 近	please select words with the letter 近	近く	聞こえる	おもしろい	登っ	一杯	死ぬ	描い
kanji	合	kanji letter 合	please select words with the letter 合	合格	禁止	登っ	描い	達し	倒れ	尽くし
kanji	合	kanji letter 合	please select words with the letter 合	合っ	立た	登っ	描い	軽蔑	倒れ	尽くし
kanji	合	kanji letter 合	please select words with the letter 合	合わ	禁止	木	都市	一杯	死ぬ	走り
katakana	ー	katakana letter ー	please select words with the letter ー	ゲーム	立た	一杯	自殺	軽蔑	倒れ	退屈
katakana	ー	katakana letter ー	please select words with the letter ー	コーヒー	合っ	立た	都市	倒れ	遅れる	尽くし
katakana	ー	katakana letter ー	please select words with the letter ー	メアリー	聞こえる	おもしろい	一杯	描い	軽蔑	尽くし
hiragana	ば	hiragana letter ば	please select words with the letter ば	すばらしい	木	都市	登っ	一杯	自殺	遅れる
hiragana	ば	hiragana letter ば	please select words with the letter ば	呼ば	合っ	おもしろい	許さ	都市	流れ	近づい
hiragana	ば	hiragana letter ば	please select words with the letter ば	選ば	合っ	禁止	立た	登っ	一杯	中
kanji	泳	kanji letter 泳	please select words with the letter 泳	泳げ	ゲーム	完璧	おもしろい	都市	近づい	卒業
kanji	泳	kanji letter 泳	please select words with the letter 泳	泳い	ゲーム	おもしろい	選ば	登っ	遅れる	怖
kanji	泳	kanji letter 泳	please select words with the letter 泳	泳ぐ	完璧	合っ	禁止	選ば	立た	流れ
kanji	切	kanji letter 切	please select words with the letter 切	切れ	聞こえる	おもしろい	選ば	都市	泳げ	優しい
kanji	切	kanji letter 切	please select words with the letter 切	切っ	聞こえる	禁止	選ば	流れ	近づい	自殺
kanji	切	kanji letter 切	please select words with the letter 切	親切	聞こえる	禁止	都市	登っ	近づい	自殺
kanji	中	kanji letter 中	please select words with the letter 中	集中	ゲーム	怒ら	切れ	渡っ	流れ	習っ
kanji	中	kanji letter 中	please select words with the letter 中	途中	聴い	合っ	泳げ	つかん	習っ	怖
kanji	中	kanji letter 中	please select words with the letter 中	中	紳士	怒ら	撮っ	魅力	習っ	ひい
hiragana	で	hiragana letter で	please select words with the letter で	で	合っ	泳げ	流れ	近づい	優しい	怖
hiragana	で	hiragana letter で	please select words with the letter で	でき	紳士	聴い	合っ	ゲーム	選ば	いたし
hiragana	で	hiragana letter で	please select words with the letter で	できる	紳士	選ば	渡っ	付い	つかん	近づい
kanji	開	kanji letter 開	please select words with the letter 開	開い	完璧	怒ら	泳げ	撮っ	つかん	習っ
kanji	開	kanji letter 開	please select words with the letter 開	開か	紳士	始まり	泳げ	撮っ	切れ	叫ん
kanji	開	kanji letter 開	please select words with the letter 開	開け	聴い	完璧	紳士	歩け	撮っ	つかん
kanji	決	kanji letter 決	please select words with the letter 決	解決	聴い	渡っ	習っ	習い	途中	持つ
kanji	決	kanji letter 決	please select words with the letter 決	決め	逮捕	年齢	離婚	閉じ	途中	叫ん
kanji	決	kanji letter 決	please select words with the letter 決	決まっ	忙しかっ	渡っ	逮捕	いたし	開か	習っ
kanji	呼	kanji letter 呼	please select words with the letter 呼	呼ば	知り合い	とり	ソース	付い	ワイン	決まっ
kanji	呼	kanji letter 呼	please select words with the letter 呼	呼ん	忙しかっ	知り合い	始まり	いたし	決まっ	習っ
kanji	呼	kanji letter 呼	please select words with the letter 呼	呼び	忙しかっ	知り合い	支持	付い	離婚	で
hiragana	び	hiragana letter び	please select words with the letter び	学び	聴い	支持	付い	逮捕	習っ	観
hiragana	び	hiragana letter び	please select words with the letter び	びっくり	始まり	ソース	付い	ワイン	年齢	決まっ
hiragana	び	hiragana letter び	please select words with the letter び	呼び	忙しかっ	渡っ	ワイン	年齢	習っ	閉じ
kanji	止	kanji letter 止	please select words with the letter 止	止まっ	支持	始まり	決まっ	離婚	呼び	終わる
kanji	止	kanji letter 止	please select words with the letter 止	禁止	忙しかっ	歩く	年齢	決まっ	呼び	機嫌
kanji	止	kanji letter 止	please select words with the letter 止	止め	忙しかっ	支持	とり	ソース	観
kanji	正	kanji letter 正	please select words with the letter 正	正直	押し	ワイン	決まっ	機嫌	隠し	選び
kanji	正	kanji letter 正	please select words with the letter 正	正しい	知り合い	押し	ワイン	決まっ	機嫌	終わる
kanji	正	kanji letter 正	please select words with the letter 正	正確	歩く	押し	賢明	塗っ	呼ぶ	犯し
kanji	歌	kanji letter 歌	please select words with the letter 歌	歌い	歩く	渡し	押し	呼び	賢明	終わる
kanji	歌	kanji letter 歌	please select words with the letter 歌	歌っ	支持	渡し	隠し	塗っ	選び
kanji	歌	kanji letter 歌	please select words with the letter 歌	歌手	歩く	支持	渡し	止まっ	頑張っ	賢明
hiragana	ね	hiragana letter ね	please select words with the letter ね	たずね	支持	働か	渡し	ワイン	決まっ	弾い
hiragana	ね	hiragana letter ね	please select words with the letter ね	訪ね	支持	ワイン	呼び	機嫌	隠し	観
hiragana	ね	hiragana letter ね	please select words with the letter ね	尋ね	支持	渡し	頑張っ	呼び	隠し	終わる
kanji	感	kanji letter 感	please select words with the letter 感	感謝	押し	たずね	読め	遅い	弾い	呼ぶ
kanji	感	kanji letter 感	please select words with the letter 感	感じる	歌い	輝い	頑張っ	掛け	チェック	賢明
kanji	感	kanji letter 感	please select words with the letter 感	感じ	歌い	ケーキ	掛け	遅い	弾い	呼ぶ
kanji	美	kanji letter 美	please select words with the letter 美	美人	専攻	読め	掛け	チェック	塗っ	遅い
kanji	美	kanji letter 美	please select words with the letter 美	美味しい	専攻	止まっ	感じる	頑張っ	読め	弾い
kanji	美	kanji letter 美	please select words with the letter 美	美しい	実現	見つから	チェック	打っ	賢明	悪かっ
kanji	語	kanji letter 語	please select words with the letter 語	言語	遠慮	植え	間に合っ	感動	チェック	遅い
kanji	語	kanji letter 語	please select words with the letter 語	語	兄弟	あきらめ	感動	チェック	悪かっ	隠れ
kanji	語	kanji letter 語	please select words with the letter 語	物語	実現	遠慮	断っ	間に合っ	あきらめ	悪かっ
kanji	付	kanji letter 付	please select words with the letter 付	付い	遠慮	断っ	間に合っ	あきらめ	会え	悪かっ
kanji	付	kanji letter 付	please select words with the letter 付	付け	実現	違い	遠慮	植え	断っ	遅い
kanji	付	kanji letter 付	please select words with the letter 付	片付け	実現	違い	兄弟	感じる	者	チェック
kanji	解	kanji letter 解	please select words with the letter 解	解決	違い	集まっ	詩人	投げ	遅れ	読ま
kanji	解	kanji letter 解	please select words with the letter 解	理解	集まっ	戦っ	遅れ	降ら	読ま	払わ
kanji	解	kanji letter 解	please select words with the letter 解	解け	座り	詩人	片付け	洗い	重い	タイプ
kanji	払	kanji letter 払	please select words with the letter 払	払わ	かける	伸ばし	避け	終わり	減っ	吹い
kanji	払	kanji letter 払	please select words with the letter 払	払う	分け	安心	伸ばし	終わり	道	演奏
kanji	払	kanji letter 払	please select words with the letter 払	払っ	通じ	終わり	道	低い	女
kanji	乗	kanji letter 乗	please select words with the letter 乗	乗れ	安心	同然	演奏	振っ	低い	吹い
kanji	乗	kanji letter 乗	please select words with the letter 乗	乗り	かける	分け	安心	戻り	振っ	低い
kanji	乗	kanji letter 乗	please select words with the letter 乗	乗っ	かける	避け	安心	戻り	任せ	演奏
kanji	笑	kanji letter 笑	please select words with the letter 笑	笑い	安心	通じ	演奏	道	もっとも	やさしい
kanji	笑	kanji letter 笑	please select words with the letter 笑	笑っ	折っ	払う	避け	振っ	任せ	演奏
kanji	笑	kanji letter 笑	please select words with the letter 笑	笑わ	払う	戻り	任せ	もっとも	低い	吹い
kanji	味	kanji letter 味	please select words with the letter 味	美味しい	笑い	かける	安心	女	演奏	もっとも
kanji	味	kanji letter 味	please select words with the letter 味	興味	かける	安心	燃え	戻り	終わり	やさしい
kanji	味	kanji letter 味	please select words with the letter 味	意味	払う	避け	分け	同然	減っ	だまさ
kanji	当	kanji letter 当	please select words with the letter 当	本当	笑い	払う	通じ	燃え	演奏	振っ
kanji	当	kanji letter 当	please select words with the letter 当	当たっ	笑い	払う	伸ばし	任せ	振っ	試合
kanji	当	kanji letter 当	please select words with the letter 当	当て	笑い	かける	伸ばし	払う	試合	吹い
kanji	方	kanji letter 方	please select words with the letter 方	味方	かける	避け	おかしい	任せ	興味	吹い
kanji	方	kanji letter 方	please select words with the letter 方	方	折っ	かける	当たっ	だまさ	演奏	うるさい
kanji	方	kanji letter 方	please select words with the letter 方	方法	払う	避け	上手い	任せ	分かん	振っ
kanji	幸	kanji letter 幸	please select words with the letter 幸	幸福	払う	おかしい	任せ	うるさい	たたい	返事
kanji	幸	kanji letter 幸	please select words with the letter 幸	幸い	笑い	当たっ	興味	空	味方	分かん
kanji	幸	kanji letter 幸	please select words with the letter 幸	幸せ	愛さ	壊し	試合	長	乗れ
kanji	休	kanji letter 休	please select words with the letter 休	休み	笑い	愛さ	手伝い	おかしい	任せ	興味
kanji	休	kanji letter 休	please select words with the letter 休	休ん	避け	手伝い	味方	分かん	試合	従っ
kanji	休	kanji letter 休	please select words with the letter 休	休憩	笑い	愛さ	試合	壊し	空	味方
hiragana	に	hiragana letter に	please select words with the letter に	間に合う	愛さ	手伝い	壊し	泳ぎ	晴れ	上手い
hiragana	に	hiragana letter に	please select words with the letter に	間に合わ	甘い	愛さ	飽き	手伝い	味方	うるさい
hiragana	に	hiragana letter に	please select words with the letter に	間に合っ	甘い	休憩	おかしい	空	うるさい	従っ
kanji	守	kanji letter 守	please select words with the letter 守	留守	下がっ	甘い	多かっ	手伝い	首都	幸い
kanji	守	kanji letter 守	please select words with the letter 守	守ら	晴れ	合わせ	間に合わ	多かっ
kanji	守	kanji letter 守	please select words with the letter 守	守る	下がっ	晴れ	多かっ	休憩	ピザ	たたい
kanji	回	kanji letter 回	please select words with the letter 回	回っ	下がっ	合わせ	甘い	飽き	首都	ピザ
kanji	回	kanji letter 回	please select words with the letter 回	回復	下がっ	合わせ	留守	いら	待つ	帰ら
kanji	回	kanji letter 回	please select words with the letter 回	回し	下がっ	従わ	飽き	休憩	パーティー	いら
kanji	従	kanji letter 従	please select words with the letter 従	従っ	責め	奪っ	美味し	いら	欲しかっ	割っ
kanji	従	kanji letter 従	please select words with the letter 従	従わ	下がっ	多かっ	ピザ	パーティー	傷つけ	いら
kanji	従	kanji letter 従	please select words with the letter 従	従う	責め	下がっ	合わせ	パーティー	いら	待つ
hiragana	づ	hiragana letter づ	please select words with the letter づ	近づい	奪っ	回っ	美味し	とおり	クリーム	飲め
hiragana	づ	hiragana letter づ	please select words with the letter づ	名づけ	責め	従わ	生まれ	従う	越し	辞め
hiragana	づ	hiragana letter づ	please select words with the letter づ	気づい	責め	回っ	美味し	傷つけ	欲しかっ	クリーム
katakana	リ	katakana letter リ	please select words with the letter リ	クリーム	責め	美味し	パーティー	邪魔	欲しかっ	とおり
katakana	リ	katakana letter リ	please select words with the letter リ	メアリー	回っ	やめろ	立ち	パーティー	邪魔	欲しかっ
katakana	リ	katakana letter リ	please select words with the letter リ	リラックス	責め	立ち	生まれ	とおり	欲しかっ	越し
katakana	ラ	katakana letter ラ	please select words with the letter ラ	カメラ	責め	やめろ	美味し	生まれ	とおり	越し
katakana	ラ	katakana letter ラ	please select words with the letter ラ	リラックス	責め	従わ	やめろ	邪魔	欲しかっ	越し
katakana	ラ	katakana letter ラ	please select words with the letter ラ	レストラン	責め	浴び	美味し	傷つけ	とおり	欲しかっ
katakana	ク	katakana letter ク	please select words with the letter ク	チェック	奪っ	従わ	浴び	傷つけ	生まれ	従う
katakana	ク	katakana letter ク	please select words with the letter ク	クリーム	浴び	パーティー	とおり	欲しかっ	飲め
katakana	ク	katakana letter ク	please select words with the letter ク	リラックス	浴び	やめろ	立ち	美味し	とおり	欲しかっ
kanji	取	kanji letter 取	please select words with the letter 取	取り	青い	たまら	立ち	邪魔	とおり	従う
kanji	取	kanji letter 取	please select words with the letter 取	取れ	立ち	生まれ	邪魔	とおり	従う	クリーム
kanji	取	kanji letter 取	please select words with the letter 取	取っ	青い	たまら	立ち	傷つけ	クリーム	緊張
kanji	得	kanji letter 得	please select words with the letter 得	納得	責め	青い	立ち	傷つけ	従う	リラックス
kanji	得	kanji letter 得	please select words with the letter 得	得	取れ	生まれ	邪魔	割っ	厳しい	名づけ
kanji	得	kanji letter 得	please select words with the letter 得	得意	責め	青い	やめろ	立ち	取れ	とおり
hiragana	そ	hiragana letter そ	please select words with the letter そ	そっくり	天才	たまら	取れ	生まれ	新聞	緊張
hiragana	そ	hiragana letter そ	please select words with the letter そ	そう	天才	楽しみ	取れ	従う	厳しい	新聞
hiragana	そ	hiragana letter そ	please select words with the letter そ	それ	楽しみ	やめろ	生まれ	クリーム	厳しい	来れ
kanji	戻	kanji letter 戻	please select words with the letter 戻	戻る	楽しみ	自由	取れ	守っ	とら	厳しい
kanji	戻	kanji letter 戻	please select words with the letter 戻	戻っ	天才	楽しみ	やめろ	自由	リラックス	来れ
kanji	戻	kanji letter 戻	please select words with the letter 戻	戻り	やめろ	たまら	守っ	納得	厳しい	そっくり
kanji	達	kanji letter 達	please select words with the letter 達	友達	天才	青い	やめろ	取れ	厳しい	新聞
kanji	達	kanji letter 達	please select words with the letter 達	達成	戻る	楽しみ	天才	立ち	あい	恥じ
kanji	達	kanji letter 達	please select words with the letter 達	達し	青い	やめろ	納得	とら	厳しい	新聞
kanji	面	kanji letter 面	please select words with the letter 面	面白	楽しみ	数え	別れ	あい	納得	とれ
kanji	面	kanji letter 面	please select words with the letter 面	面白かっ	戻る	あい	守っ	納得	とら	開き
kanji	面	kanji letter 面	please select words with the letter 面	面白い	楽しみ	別れ	あい	自由	趣味	恥じ
kanji	白	kanji letter 白	please select words with the letter 白	面白	数え	納得	とれ	趣味	達成	そっくり
kanji	白	kanji letter 白	please select words with the letter 白	面白かっ	戻る	守っ	恥じ	とら	新聞	存知
kanji	白	kanji letter 白	please select words with the letter 白	面白い	別れ	あい	自由	恥じ	とら	新聞
kanji	存	kanji letter 存	please select words with the letter 存	存在	楽しみ	守っ	開き	脱い	手伝う	そっくり
kanji	存	kanji letter 存	please select words with the letter 存	存知	切り	数え	あい	自由	恥じ	達成
kanji	存	kanji letter 存	please select words with the letter 存	存じ	楽しみ	別れ	守っ	納得	とら	新聞
hiragana	む	hiragana letter む	please select words with the letter む	飲む	切り	面白	趣味	面白かっ	達成	きか
hiragana	む	hiragana letter む	please select words with the letter む	読む	切り	面白	とれ	脱い	きか	触れ
hiragana	む	hiragana letter む	please select words with the letter む	痛む	数え	趣味	面白かっ	脱い	きか	手伝う
kanji	下	kanji letter 下	please select words with the letter 下	下がっ	広い	育っ	脱い	動か	国民	手伝う
kanji	下	kanji letter 下	please select words with the letter 下	下手	震え	広い	悲しい	遊び	脱い	動か
kanji	下	kanji letter 下	please select words with the letter 下	下さい	悲しい	遊び	持た	国民	手伝う	備え
katakana	イ	katakana letter イ	please select words with the letter イ	アイデア	悲しい	広い	存じ	育っ	手伝う	国民
katakana	イ	katakana letter イ	please select words with the letter イ	ワイン	禁煙	持た	動か	国民	きか	手伝う
katakana	イ	katakana letter イ	please select words with the letter イ	タイプ	震え	下手	悲しい	禁煙	遊び	痛む
katakana	ア	katakana letter ア	please select words with the letter ア	アイデア	ちょうだい	悲しい	禁煙	履い	引っ越し	動か
katakana	ア	katakana letter ア	please select words with the letter ア	アレルギー	震え	もらえ	ちょうだい	広い	育っ	弾く
katakana	ア	katakana letter ア	please select words with the letter ア	メアリー	ちょうだい	悲しい	禁煙	育っ	国民	複雑
kanji	多	kanji letter 多	please select words with the letter 多	多い	下手	もらえ	バカ	起こり	赤い	つない
kanji	多	kanji letter 多	please select words with the letter 多	多かっ	下手	弾く	ちょうだい	赤い	あけ	育っ
kanji	多	kanji letter 多	please select words with the letter 多	多	震え	バカ	下手	あけ	国民	複雑
kanji	痛	kanji letter 痛	please select words with the letter 痛	痛み	多	もらえ	バカ	ちょうだい	辛い	よろしく
kanji	痛	kanji letter 痛	please select words with the letter 痛	痛む	弾く	ちょうだい	広まっ	辛い	アイデア	あけ
kanji	痛	kanji letter 痛	please select words with the letter 痛	痛い	バカ	会わ	赤い	辛い	よろしく	引っ越し
kanji	名	kanji letter 名	please select words with the letter 名	署名	多	バカ	つない	広まっ	辛い	あけ
kanji	名	kanji letter 名	please select words with the letter 名	名前	多	アレルギー	会わ	辛い	あけ	クラス
kanji	名	kanji letter 名	please select words with the letter 名	名づけ	多	アレルギー	失望	会わ	つない	うれしかっ
kanji	晴	kanji letter 晴	please select words with the letter 晴	晴れ	バカ	赤い	弱い	辛い	署名	よろしく
kanji	晴	kanji letter 晴	please select words with the letter 晴	素晴らしい	失望	つない	弱い	美味しかっ	署名	変わり
kanji	晴	kanji letter 晴	please select words with the letter 晴	素晴らしかっ	多	拒否	赤い	デート	弱い	署名
kanji	愛	kanji letter 愛	please select words with the letter 愛	愛さ	出来事	焼い	デート	思える	弱い	あげる
kanji	愛	kanji letter 愛	please select words with the letter 愛	愛し	狂っ	焼い	抜い	弱い	週間	諦め
kanji	愛	kanji letter 愛	please select words with the letter 愛	可愛い	楽し	思える	諦め	週間	雇っ	増し
kanji	運	kanji letter 運	please select words with the letter 運	運動	通学	抜い	誤解	可愛い	雇っ	秘密
kanji	運	kanji letter 運	please select words with the letter 運	運転	届い	焼い	思える	抜い	誤解	あふれ
kanji	運	kanji letter 運	please select words with the letter 運	幸運	届い	通学	おめでとう	踊っ	秘密	あふれ
katakana	キ	katakana letter キ	please select words with the letter キ	ケーキ	焼い	思える	踊っ	週間	幸運	季節
katakana	キ	katakana letter キ	please select words with the letter キ	キス	ニュース	踊っ	通学	抜い	秘密	名付け
katakana	キ	katakana letter キ	please select words with the letter キ	クッキー	流し	ニュース	抜い	おめでとう	週間	誤解
katakana	ッ	katakana letter ッ	please select words with the letter ッ	チェック	踊っ	おめでとう	誤解	可愛い	雇っ	あふれ
katakana	ッ	katakana letter ッ	please select words with the letter ッ	クッキー	届い	狂っ	流し	抜い	週間	可愛い
katakana	ッ	katakana letter ッ	please select words with the letter ッ	リラックス	狂っ	ニュース	おめでとう	抜い	名付け	あふれ
kanji	殺	kanji letter 殺	please select words with the letter 殺	殺し	届い	ニュース	抜い	酔っ	クッキー	表し
kanji	殺	kanji letter 殺	please select words with the letter 殺	自殺	届い	流し	ニュース	酔っ	雇っ	名付け
kanji	殺	kanji letter 殺	please select words with the letter 殺	殺さ	季節	思える	ニュース	酔っ	秘密	あふれ
katakana	タ	katakana letter タ	please select words with the letter タ	タコス	居	殺し	流し	踊っ	誤解	無料
katakana	タ	katakana letter タ	please select words with the letter タ	パスタ	襲っ	誤解	酔っ	かまわ	名付け	幸運
katakana	タ	katakana letter タ	please select words with the letter タ	タイプ	殺し	流し	会える	誤解	終わり	名付け
katakana	ン	katakana letter ン	please select words with the letter ン	ファン	届い	応じ	誤解	可愛い	終わり	幸運
katakana	ン	katakana letter ン	please select words with the letter ン	ワイン	寄っ	殺し	無料	終わり	酔っ	名付け
katakana	ン	katakana letter ン	please select words with the letter ン	レストラン	居	応じ	踊っ	誤解	可愛い	名付け
kanji	弾	kanji letter 弾	please select words with the letter 弾	弾い	襲わ	寄っ	応じ	無料	濡れ	負え
kanji	弾	kanji letter 弾	please select words with the letter 弾	弾く	寄っ	負え	かまわ	濡れ	演じ	襲っ
kanji	弾	kanji letter 弾	please select words with the letter 弾	弾き	演じ	殺し	控え	終わり	タコス	濡れ
katakana	レ	katakana letter レ	please select words with the letter レ	アレルギー	晴れる	祈り	咲い	招い	控え	タコス
katakana	レ	katakana letter レ	please select words with the letter レ	レシピ	襲わ	あり	招い	不明	濡れ	読める
katakana	レ	katakana letter レ	please select words with the letter レ	レストラン	あり	抜け	殴っ	人形	合図	控え
katakana	ム	katakana letter ム	please select words with the letter ム	チーム	罰せ	独身	割れ	人形	殴っ	合図
katakana	ム	katakana letter ム	please select words with the letter ム	ゲーム	抜け	レシピ	咲い	割れ
katakana	ム	katakana letter ム	please select words with the letter ム	クリーム	仲間	晴れる	割れ	殴っ	合図	しろ
kanji	泣	kanji letter 泣	please select words with the letter 泣	泣か	仲間	遭っ	無くし	祈り	払い	寒かっ
kanji	泣	kanji letter 泣	please select words with the letter 泣	泣い	罰せ	レシピ	仲間	チーム	晴れる	かなわ
kanji	泣	kanji letter 泣	please select words with the letter 泣	泣き	罰せ	チーム	独身	仲間	無くし	払い
hiragana	ず	hiragana letter ず	please select words with the letter ず	はず	独身	遭っ	晴れる	みなし	祈り	殴っ
hiragana	ず	hiragana letter ず	please select words with the letter ず	たずね	レシピ	詳しい	独身	晴れる	片づけ	見つかっ
hiragana	ず	hiragana letter ず	please select words with the letter ず	恥ずかしい	仲間	独身	かなわ	片づけ	払い	恋しい
kanji	負	kanji letter 負	please select words with the letter 負	負け	仲間	遭っ	割れ	祈り	待て	寒かっ
kanji	負	kanji letter 負	please select words with the letter 負	負え	罰せ	チーム	恥ずかしい	殴っ	片づけ	泣か
kanji	負	kanji letter 負	please select words with the letter 負	負傷	レシピ	チーム	割れ	祈り	見つかっ	待て
kanji	認	kanji letter 認	please select words with the letter 認	認める	仲間	恥ずかしい	詳しい	みなし	見つかっ	泣か
kanji	認	kanji letter 認	please select words with the letter 認	確認	チーム	仲間	微笑ん	やろう	負傷	払い
kanji	認	kanji letter 認	please select words with the letter 認	認め	恥ずかしい	及ば	かなわ	笑う	やろう	済ま
kanji	任	kanji letter 任	please select words with the letter 任	責任	チーム	仲間	詳しい	遭っ	及ば	しゃべる
kanji	任	kanji letter 任	please select words with the letter 任	任せ	微笑ん	遭っ	みなし	しゃべる	熱い	寒かっ
kanji	任	kanji letter 任	please select words with the letter 任	任命	チーム	みなし	泊まり	なぜ	しゃべる	済ま
kanji	要	kanji letter 要	please select words with the letter 要	必要	恥ずかしい	及ば	任命	構い	笑う	待て
kanji	要	kanji letter 要	please select words with the letter 要	要求	恥ずかしい	及ば	なぜ	しゃべる	見つかっ	やろう
kanji	要	kanji letter 要	please select words with the letter 要	要る	詳しい	及ば	泊まり	見つかっ	構い	笑う
hiragana	ざ	hiragana letter ざ	please select words with the letter ざ	ござい	要る	恥ずかしい	無かっ	泊まり	年下	任命
hiragana	ざ	hiragana letter ざ	please select words with the letter ざ	青ざめ	詳しい	微笑ん	無かっ	及ば	しゃべる	見つかっ
hiragana	ざ	hiragana letter ざ	please select words with the letter ざ	うんざり	要る	恥ずかしい	泊まり	任命	構い	抑え
kanji	渡	kanji letter 渡	please select words with the letter 渡	手渡し	青ざめ	イライラ	無かっ	つかまえ	預け	合い
kanji	渡	kanji letter 渡	please select words with the letter 渡	渡し	ご覧	イライラ	無かっ	預け	合い	申し
kanji	渡	kanji letter 渡	please select words with the letter 渡	渡っ	漏れ	要る	ご覧	双子	キロ	申し
hiragana	ぎ	hiragana letter ぎ	please select words with the letter ぎ	過ぎ	要る	漏れ	ご覧	イライラ	双子	つかまえ
hiragana	ぎ	hiragana letter ぎ	please select words with the letter ぎ	泳ぎ	要る	漏れ	つかまえ	キロ	始めよう	全部
hiragana	ぎ	hiragana letter ぎ	please select words with the letter ぎ	脱ぎ	漏れ	嬉しかっ	つかまえ	合い	拒絶	申し
kanji	死	kanji letter 死	please select words with the letter 死	死ん	漏れ	つかまえ	拒絶	申し	からかっ	祈っ
kanji	死	kanji letter 死	please select words with the letter 死	死な	漏れ	要る	青ざめ	つかまえ	預け	合い
kanji	死	kanji letter 死	please select words with the letter 死	死ぬ	要る	脱ぎ	合い	拒絶	申し	祈っ
kanji	集	kanji letter 集	please select words with the letter 集	集中	衰え	嬉しかっ	死な	昇っ	始めよう	全部
kanji	集	kanji letter 集	please select words with the letter 集	集まっ	嬉しかっ	要り	脱ぎ	死な	つかまえ	答え
kanji	集	kanji letter 集	please select words with the letter 集	集まり	衰え	嬉しかっ	要り	死な	裏切っ	全部
kanji	捕	kanji letter 捕	please select words with the letter 捕	逮捕	漏れ	脱ぎ	キロ	集まり	始めよう	食べよう
kanji	捕	kanji letter 捕	please select words with the letter 捕	捕まえ	漏れ	要り	昇っ	キロ	集まり	曇っ
kanji	捕	kanji letter 捕	please select words with the letter 捕	捕まっ	漏れ	嬉しかっ	要り	平和	つかまえ	手渡し
kanji	日	kanji letter 日	please select words with the letter 日	明日	要り	死な	平和	キロ	全部	手渡し
kanji	日	kanji letter 日	please select words with the letter 日	日	脱ぎ	死な	捕まっ	済み	全焼
kanji	日	kanji letter 日	please select words with the letter 日	休日	全焼	死な	つかまえ	始めよう	手渡し
kanji	流	kanji letter 流	please select words with the letter 流	流行っ	要り	鉛筆	死な	芸術	休日	満たし
kanji	流	kanji letter 流	please select words with the letter 流	流し	芸術	昇っ	集まり	済み	裏切っ
kanji	流	kanji letter 流	please select words with the letter 流	流れ	要り	捕まっ	平和	追っ	集まり	食べよう
kanji	時	kanji letter 時	please select words with the letter 時	時	脱ぎ	平和	答え	短い	追っ	誘っ
kanji	時	kanji letter 時	please select words with the letter 時	何時	鉛筆	休日	集まり	弾け	誘っ	済み
kanji	時	kanji letter 時	please select words with the letter 時	時間	捕まっ	平和	追っ	答え	短い	集まり
hiragana	ひ	hiragana letter ひ	please select words with the letter ひ	ひい	平和	昇っ	何時	短い	満たし	誘っ
hiragana	ひ	hiragana letter ひ	please select words with the letter ひ	ひく	要り	脱ぎ	捕まっ	何時	答え	集まり
hiragana	ひ	hiragana letter ひ	please select words with the letter ひ	ひどい	衰え	要り	捕まっ	何時	追っ	短い
katakana	コ	katakana letter コ	please select words with the letter コ	タコス	平和	集まり	弾け	誘っ	裏切っ	食べよう
katakana	コ	katakana letter コ	please select words with the letter コ	コーヒー	衰え	脱ぎ	芸術	死な	裏切っ	食べよう
katakana	コ	katakana letter コ	please select words with the letter コ	コメディ	衰え	脱ぎ	休日	何時	短い	全焼
katakana	デ	katakana letter デ	please select words with the letter デ	アイデア	衰え	鉛筆	脱ぎ	追っ	短い	誘っ
katakana	デ	katakana letter デ	please select words with the letter デ	デート	つまら	鉛筆	脱ぎ	平和	裏切っ	流行っ
katakana	デ	katakana letter デ	please select words with the letter デ	コメディ	衰え	つまら	死な	弾け	誘っ	裏切っ
kanji	眠	kanji letter 眠	please select words with the letter 眠	眠っ	芸術	何時	追っ	満たし	頂け	つまら
kanji	眠	kanji letter 眠	please select words with the letter 眠	眠れ	芸術	何時	参り	追っ	弾け	誘っ
kanji	眠	kanji letter 眠	please select words with the letter 眠	眠い	芸術	捕まっ	休日	追っ	短い	弾け
kanji	家	kanji letter 家	please select words with the letter 家	家族	捕まっ	踊り	追っ	弾け	誘っ	済み
kanji	家	kanji letter 家	please select words with the letter 家	作家	鉛筆	踊り	何時	眠い	満たし	集まり
kanji	家	kanji letter 家	please select words with the letter 家	家	鉛筆	芸術	休日	眠い	追っ	満たし
kanji	青	kanji letter 青	please select words with the letter 青	青ざめ	芸術	軽い	短い	満たし	扱い	退職
kanji	青	kanji letter 青	please select words with the letter 青	青い	鉛筆	芸術	眠い	参り	何時	軽い
kanji	青	kanji letter 青	please select words with the letter 青	青	捕まっ	追っ	コメディ	弾け	誘っ	軽い
katakana	バ	katakana letter バ	please select words with the letter バ	バカ	踊り	眠い	扱い	コメディ	貧乏	退職
katakana	バ	katakana letter バ	please select words with the letter バ	メンバー	踊り	軽い	眠い	コメディ	頂け
katakana	バ	katakana letter バ	please select words with the letter バ	バス	青	何時	愛する	つまら	流行っ	ひく
kanji	勝	kanji letter 勝	please select words with the letter 勝	勝っ	青	踊り	眠い	何時	短い	扱い
kanji	勝	kanji letter 勝	please select words with the letter 勝	勝つ	青	眠い	扱い	貧乏	頂け	流行っ
kanji	勝	kanji letter 勝	please select words with the letter 勝	勝ち	青	踊り	愛する	俳優	退職	つまら
kanji	吸	kanji letter 吸	please select words with the letter 吸	吸わ	踊り	何時	短い	扱い	コメディ	退職
kanji	吸	kanji letter 吸	please select words with the letter 吸	吸う	青	参り	俳優	コメディ	勝ち	作家
kanji	吸	kanji letter 吸	please select words with the letter 吸	吸っ	メンバー	踊り	眠い	扱い	つまら	流行っ
kanji	全	kanji letter 全	please select words with the letter 全	全部	メンバー	踊り	眠い	貧乏	流行っ	つまら
kanji	全	kanji letter 全	please select words with the letter 全	全て	青	メンバー	軽い	俳優	退職	頂け
kanji	全	kanji letter 全	please select words with the letter 全	全焼	眠い	短い	貧乏	流行っ	つまら	ひく
kanji	完	kanji letter 完	please select words with the letter 完	完成	青	何時	参り	短い	全て	流行っ
kanji	完	kanji letter 完	please select words with the letter 完	完了	メンバー	踊り	何時	俳優	泣く	貧乏
kanji	完	kanji letter 完	please select words with the letter 完	完璧	踊り	何時	眠い	泣く	流行っ	勝ち
hiragana	ぶ	hiragana letter ぶ	please select words with the letter ぶ	ぶつかっ	刺さ	愛する	つまら	メンバー
hiragana	ぶ	hiragana letter ぶ	please select words with the letter ぶ	呼ぶ	ひく	メンバー	完了	短い
hiragana	ぶ	hiragana letter ぶ	please select words with the letter ぶ	かぶっ	刺さ	泣く	俳優	退職	作家
kanji	受	kanji letter 受	please select words with the letter 受	受かっ	踊り	刺さ	軽い	参り	短い	吸う
kanji	受	kanji letter 受	please select words with the letter 受	受ける	青	ぶつかっ	刺さ	吸う	コメディ	勝ち
kanji	受	kanji letter 受	please select words with the letter 受	受け	踊り	軽い	眠い	吸う	貧乏	頂け
kanji	空	kanji letter 空	please select words with the letter 空	空っぽ	青	受かっ	俳優	完了	軽い
kanji	空	kanji letter 空	please select words with the letter 空	空	公平	刺さ	俳優	吸う	貧乏	完了
kanji	空	kanji letter 空	please select words with the letter 空	空い	青	公平	ぶつかっ	踊り	泣く	退職
kanji	友	kanji letter 友	please select words with the letter 友	友達	青	受かっ	公平	メンバー	泳げる	全て
kanji	友	kanji letter 友	please select words with the letter 友	友人	青	刺さ	泳げる	ベジタリアン	俳優	勝ち
kanji	友	kanji letter 友	please select words with the letter 友	親友	公平	受かっ	ぶつかっ	愛する	泣く	空っぽ
kanji	番	kanji letter 番	please select words with the letter 番	一番	受かっ	冷たい	ぶつかっ	木製	吸う
kanji	番	kanji letter 番	please select words with the letter 番	番組	回	冷たい	泳げる	木製	吸う	泣く
kanji	番	kanji letter 番	please select words with the letter 番	番	公平	冷たい	ぶつかっ	嘘つき	泣く	吸う
kanji	満	kanji letter 満	please select words with the letter 満	満足	ぶつかっ	番組	空っぽ	吸う	親友	ベジタリアン
kanji	満	kanji letter 満	please select words with the letter 満	満開	公平	汚い	ぶつかっ	嘘つき	刺さ	泣く
kanji	満	kanji letter 満	please select words with the letter 満	満たし	受かっ	ぶつかっ	番組	全て	科目	ベジタリアン
kanji	悪	kanji letter 悪	please select words with the letter 悪	悪かっ	恐い	回	母語	ぴったり	親友	遊ぼう
kanji	悪	kanji letter 悪	please select words with the letter 悪	最悪	満開	回	嘘つき	遊ぼう	科目	話そう
kanji	悪	kanji letter 悪	please select words with the letter 悪	悪い	嘘つき	番組	一員	ぴったり	好物	遊ぼう
katakana	ト	katakana letter ト	please select words with the letter ト	デート	渇い	一種	休む	好物	出	鳴らし
katakana	ト	katakana letter ト	please select words with the letter ト	トレンド	渇い	一種	ハリー	きつい	出せ	無くなっ
katakana	ト	katakana letter ト	please select words with the letter ト	レストラン	最悪	ハリー	きつい	無くなっ	好物
kanji	者	kanji letter 者	please select words with the letter 者	怠け者	果たす	外し	古典	かゆい	無くなっ	召し上がり
kanji	者	kanji letter 者	please select words with the letter 者	医者	外し	古典	以上	解ら	よせ	かゆい
kanji	者	kanji letter 者	please select words with the letter 者	者	乗ら	臭い	以上	臆病	きつい	召し上がり
kanji	返	kanji letter 返	please select words with the letter 返	返事	乗ら	果たす	臭い	古典	以上	解ら
kanji	返	kanji letter 返	please select words with the letter 返	返し	乗ら	果たす	怠け者	外し	触っ	敏感
kanji	返	kanji letter 返	please select words with the letter 返	返せ	乗ら	渇い	怠け者	かゆい	敏感	召し上がり
kanji	直	kanji letter 直	please select words with the letter 直	仲直り	乗ら	返せ	かゆい	敏感	縛ら	鳴らし
kanji	直	kanji letter 直	please select words with the letter 直	正直	外し	臆病	きつい	敏感	召し上がり	さらさ
kanji	直	kanji letter 直	please select words with the letter 直	直し	果たす	臭い	返せ	かゆい	触っ	きつい
kanji	遠	kanji letter 遠	please select words with the letter 遠	遠慮	返せ	治っ	よせ	解ら	縛ら	ほめ
kanji	遠	kanji letter 遠	please select words with the letter 遠	遠い	怠け者	返せ	おさまっ	解ら	勝ち	横切っ
kanji	遠	kanji letter 遠	please select words with the letter 遠	待ち遠しい	仲直り	苦い	待とう	返せ	縛ら	ほめ
kanji	長	kanji letter 長	please select words with the letter 長	長	待ち遠しい	仲直り	手伝わ	勝ち	横切っ	やれる
kanji	長	kanji letter 長	please select words with the letter 長	長い	待とう	返せ	おさまっ	吸い	勝ち	横切っ
kanji	長	kanji letter 長	please select words with the letter 長	長生き	おさまっ	よせ	解ら	縛ら	仲直り	惚れ
kanji	落	kanji letter 落	please select words with the letter 落	落とさ	治っ	解ら	ひき	長生き	吸い	惚れ
kanji	落	kanji letter 落	please select words with the letter 落	落ち	祝い	待とう	治っ	解ら	長生き	手伝わ
kanji	落	kanji letter 落	please select words with the letter 落	落とし	祝い	苦い	よせ	長生き	ほめ	惚れ
kanji	良	kanji letter 良	please select words with the letter 良	仲良し	眠り	祝い	聞け	勝ち	払え	生え
kanji	良	kanji letter 良	please select words with the letter 良	良かっ	眠り	待とう	おさまっ	長生き	生え	やれる
kanji	良	kanji letter 良	please select words with the letter 良	良い	眠り	祝い	払え	待ち遠しい	落とさ	勝ち
kanji	仲	kanji letter 仲	please select words with the letter 仲	仲直り	眠り	聞け	おさまっ	ひき	やめよう	長生き
kanji	仲	kanji letter 仲	please select words with the letter 仲	仲間	祝い	聞け	やめよう	落とさ	長生き	惚れ
kanji	仲	kanji letter 仲	please select words with the letter 仲	仲良し	祝い	待とう	払え	やめよう	生え	落とさ
kanji	済	kanji letter 済	please select words with the letter 済	済ま	祝い	おさまっ	払え	ひき	うなずい	落とさ
kanji	済	kanji letter 済	please select words with the letter 済	済ん	おさまっ	払え	長生き	吸い	勝ち
kanji	済	kanji letter 済	please select words with the letter 済	済み	聞け	待ち遠しい	うなずい	落とさ	惚れ	仲良し
hiragana	ふ	hiragana letter ふ	please select words with the letter ふ	ふけっ	祝い	聞け	おさまっ	やめよう	生え	やれる
hiragana	ふ	hiragana letter ふ	please select words with the letter ふ	ふさい	祝い	払え	うなずい	落とさ	惚れ	勝ち
hiragana	ふ	hiragana letter ふ	please select words with the letter ふ	あふれ	聞け	やれる	やめよう	長生き	吸い	惚れ
katakana	ド	katakana letter ド	please select words with the letter ド	ドル	聞け	払え	ひき	落とさ	長生き	生え
katakana	ド	katakana letter ド	please select words with the letter ド	ドキドキ	眠り	祝い	おさまっ	うなずい	落とさ	吸い
katakana	ド	katakana letter ド	please select words with the letter ド	トレンド	ひき	済ん	ふさい	生え	長生き	ほめ
kanji	同	kanji letter 同	please select words with the letter 同	同意	眠り	払え	ひき	済ん	ドキドキ	長生き
kanji	同	kanji letter 同	please select words with the letter 同	同然	眠り	ほめ	おさまっ	払え	済ん	ドキドキ
kanji	同	kanji letter 同	please select words with the letter 同	同感	ひき	やめよう	ふさい	長生き	生え	句読点
kanji	在	kanji letter 在	please select words with the letter 在	存在	待とう	同感	済ん	ふさい	落とさ	生え
kanji	在	kanji letter 在	please select words with the letter 在	滞在	眠り	おさまっ	うなずい	済ん	生え	ふさい
kanji	在	kanji letter 在	please select words with the letter 在	在宅	ほめ	待とう	生む	うなずい	済ん	ドキドキ
kanji	忙	kanji letter 忙	please select words with the letter 忙	忙しい	眠り	祝い	同感	在宅	やめよう	済ん
kanji	忙	kanji letter 忙	please select words with the letter 忙	忙しかっ	眠り	聞け	待とう	やめよう	吸い	勝ち
kanji	忙	kanji letter 忙	please select words with the letter 忙	忙し	聞け	生む	やめよう	落とさ	惚れ	勝ち
kanji	送	kanji letter 送	please select words with the letter 送	送り	祝い	おさまっ	在宅	うなずい	やめよう	済ん
kanji	送	kanji letter 送	please select words with the letter 送	送る	やれる	同感	払え	うなずい	ふさい	長生き
kanji	送	kanji letter 送	please select words with the letter 送	送っ	祝い	同感	待ち遠しい	うなずい	ふさい	惚れ
kanji	寝	kanji letter 寝	please select words with the letter 寝	寝る	眠り	聞け	ひき	やめよう	ドキドキ	仲良し
kanji	寝	kanji letter 寝	please select words with the letter 寝	寝坊	祝い	同感	在宅	忙し	生む	やめよう
kanji	寝	kanji letter 寝	please select words with the letter 寝	寝	眠り	聞け	在宅	ひき	送る	済ん
kanji	張	kanji letter 張	please select words with the letter 張	主張	祝い	ひき	送る	生む	寝坊	ふさい
kanji	張	kanji letter 張	please select words with the letter 張	緊張	聞け	同感	払え	忙し	送る	生む
kanji	張	kanji letter 張	please select words with the letter 張	頑張っ	とき	在宅	生む	済ん	落とさ	仲良し
hiragana	ほ	hiragana letter ほ	please select words with the letter ほ	ほう	研究	聞け	とき	忙し	寝坊	生え
hiragana	ほ	hiragana letter ほ	please select words with the letter ほ	ほめ	眠り	とき	送る	やめよう	主張	済ん
hiragana	ほ	hiragana letter ほ	please select words with the letter ほ	ほしい	眠り	研究	払え	生む	句読点
kanji	強	kanji letter 強	please select words with the letter 強	強い	研究	祝い	聞け	とき	送る	忙し
kanji	強	kanji letter 強	please select words with the letter 強	勉強	研究	聞け	同感	払え	済ん	わけ
kanji	強	kanji letter 強	please select words with the letter 強	強調	研究	眠り	ほう	済ん	父	落とさ
kanji	発	kanji letter 発	please select words with the letter 発	出発	研究	とき	送る	忙し	主張	句読点
kanji	発	kanji letter 発	please select words with the letter 発	発明	研究	ほう	主張	寝坊	句読点
kanji	発	kanji letter 発	please select words with the letter 発	発見	議論	昨日	強調	ほう	忙し	生む
kanji	用	kanji letter 用	please select words with the letter 用	信用	英語	昨日	強調	送る	発見	ふさい
kanji	用	kanji letter 用	please select words with the letter 用	利用	英語	議論	同感	ほう	忙し	寝坊
kanji	用	kanji letter 用	please select words with the letter 用	使用	英語	わけ	昨日	在宅	生む	寝坊
kanji	実	kanji letter 実	please select words with the letter 実	実現	議論	強調	円	在宅	送る	主張
kanji	実	kanji letter 実	please select words with the letter 実	事実	提案	昨日	円	送る	顔	寝坊
kanji	実	kanji letter 実	please select words with the letter 実	真実	提案	とき	円	在宅	ふさい	しまっ
kanji	遊	kanji letter 遊	please select words with the letter 遊	遊ん	議論	強調	円	忙し	送る	ふさい
kanji	遊	kanji letter 遊	please select words with the letter 遊	遊ぼう	英語	強調	経験	顔	事実	わけ
kanji	遊	kanji letter 遊	please select words with the letter 遊	遊び	提案	同感	円	ほう	経験	使用
kanji	心	kanji letter 心	please select words with the letter 心	安心	含ま	英語	強調	円	主張	顔
kanji	心	kanji letter 心	please select words with the letter 心	心配	含ま	議論	円	遊ん	発見	経験
kanji	心	kanji letter 心	please select words with the letter 心	決心	議論	発見	使用	主張	父	事実
hiragana	は	hiragana letter は	please select words with the letter は	はい	提案	英語	円	遊ん	決心	父
hiragana	は	hiragana letter は	please select words with the letter は	はず	英語	遊ん	ほう	経験	顔	学ぶ
hiragana	は	hiragana letter は	please select words with the letter は	はっきり	提案	議論	使用	頼ん	決心	父
kanji	提	kanji letter 提	please select words with the letter 提	提供	忠告	期待	はっきり	円	進ん	顔
kanji	提	kanji letter 提	please select words with the letter 提	提案	遊ん	経験	使用	頼ん	事実	実行
kanji	提	kanji letter 提	please select words with the letter 提	提出	忠告	英語	学ぶ	遊ん
kanji	難	kanji letter 難	please select words with the letter 難	困難	含ま	提案	期待	はっきり	提供	遊ん
kanji	難	kanji letter 難	please select words with the letter 難	難しい	円	遊ん	経験	使用	顔	事実
kanji	難	kanji letter 難	please select words with the letter 難	非難	忠告	円	進ん	顔	頼ん	期待
kanji	調	kanji letter 調	please select words with the letter 調	調査	提案	はっきり	提供	円	進ん	頼ん
kanji	調	kanji letter 調	please select words with the letter 調	調べ	提案	はっきり	進ん	期待	翻訳
kanji	調	kanji letter 調	please select words with the letter 調	強調	提案	はっきり	円	進ん	期待	学ぶ
kanji	苦	kanji letter 苦	please select words with the letter 苦	苦労	忠告	はっきり	所	遊ん	顔	頃
kanji	苦	kanji letter 苦	please select words with the letter 苦	苦手	調査	提供	困難	進ん	頼ん	決心
kanji	苦	kanji letter 苦	please select words with the letter 苦	苦い	提供	所	プレゼント	進ん	頼ん	頃
kanji	確	kanji letter 確	please select words with the letter 確	確認	はっきり	調査	提供	頃	苦労	学ぶ
kanji	確	kanji letter 確	please select words with the letter 確	正確	調査	市	困難	プレゼント	頃	期待
kanji	確	kanji letter 確	please select words with the letter 確	確信	忠告	はっきり	困難	頃	決心	翻訳
kanji	自	kanji letter 自	please select words with the letter 自	自由	中心	提供	所	確信	飛ん	苦労
kanji	自	kanji letter 自	please select words with the letter 自	自殺	中心	提供	プレゼント	後悔	進ん	頃
kanji	自	kanji letter 自	please select words with the letter 自	自慢	中心	はっきり	所	困難	飛ん	実行
kanji	望	kanji letter 望	please select words with the letter 望	失望	山	知る	確信	飛ん	後悔	あれ
kanji	望	kanji letter 望	please select words with the letter 望	望ん	説得	山	状態	所	確信	立つ
kanji	望	kanji letter 望	please select words with the letter 望	希望	知る	状態	所	苦労	飛ん	自慢
kanji	習	kanji letter 習	please select words with the letter 習	習い	中心	調査	状態	確信	プレゼント	自慢
kanji	習	kanji letter 習	please select words with the letter 習	練習	説得	望ん	知る	所	飛ん	立つ
kanji	習	kanji letter 習	please select words with the letter 習	習っ	望ん	故障	山	苦労	もん	確信
kanji	現	kanji letter 現	please select words with the letter 現	現れ	与える	望ん	成長	状態	申し訳	評価
kanji	現	kanji letter 現	please select words with the letter 現	表現	望ん	取る	与える	成長	申し訳	評価
kanji	現	kanji letter 現	please select words with the letter 現	実現	与える	成長	望ん	用意	申し訳	朝
kanji	優	kanji letter 優	please select words with the letter 優	優れ	成長	練習	申し訳	表現	示し	重視
kanji	優	kanji letter 優	please select words with the letter 優	俳優	与える	故障	朝	用意	運ん	表現
kanji	優	kanji letter 優	please select words with the letter 優	優しい	習慣	学ん	成長	援助	用意	中止
kanji	不	kanji letter 不	please select words with the letter 不	不足	違っ	成長	記録	援助	優れ	見つける
kanji	不	kanji letter 不	please select words with the letter 不	不思議	違っ	記録	優れ	評価	想像
kanji	不	kanji letter 不	please select words with the letter 不	不明	違っ	成長	習慣	取る	浮かん	申し訳
kanji	訳	kanji letter 訳	please select words with the letter 訳	翻訳	違っ	成長	取る	記録	残し
kanji	訳	kanji letter 訳	please select words with the letter 訳	訳し	違っ	取る	浮かん	援助	用意	想像
kanji	訳	kanji letter 訳	please select words with the letter 訳	申し訳	浮かん	援助	優れ	用意	見つける	ごらん
kanji	供	kanji letter 供	please select words with the letter 供	提供	取る	援助	優れ	用意	世話	申し訳
kanji	供	kanji letter 供	please select words with the letter 供	供給	習慣	記録	援助	世話	用意	ごらん
kanji	供	kanji letter 供	please select words with the letter 供	子供	違っ	浮かん	優れ	用意	世話	ごらん
katakana	ル	katakana letter ル	please select words with the letter ル	ドル	優れ	世話	不思議	集め	便利	倍
katakana	ル	katakana letter ル	please select words with the letter ル	マイル	習慣	記録	解雇	優れ	ごらん	集め
katakana	ル	katakana letter ル	please select words with the letter ル	アレルギー	解雇	ごらん	集め	便利	表現	訳し
kanji	金	kanji letter 金	please select words with the letter 金	金持ち	覆わ	上昇	暗記	解雇	つける	経営
kanji	金	kanji letter 金	please select words with the letter 金	金	乗る	覆わ	上昇	解雇	出さ	つける
kanji	金	kanji letter 金	please select words with the letter 金	貯金	乗る	値	つける	倍	訳し
kanji	離	kanji letter 離	please select words with the letter 離	離陸	乗る	覆わ	解雇	値	集め	マイル
kanji	離	kanji letter 離	please select words with the letter 離	離れ	覆わ	暗記	解雇	つける	経営	倍
kanji	離	kanji letter 離	please select words with the letter 離	離婚	乗る	出さ	世話	集め	つける	供給
kanji	安	kanji letter 安	please select words with the letter 安	安い	覆わ	暗記	離陸	廃止	集め	経営
kanji	安	kanji letter 安	please select words with the letter 安	安心	貯金	出さ	世話	離陸	答える	倍
kanji	安	kanji letter 安	please select words with the letter 安	安全	覆わ	上昇	暗記	流行	出さ	経営
kanji	加	kanji letter 加	please select words with the letter 加	参加	向け	覆わ	努め	離陸	廃止	直面
kanji	加	kanji letter 加	please select words with the letter 加	増加	向け	覆わ	暗記	努め	出さ	値
kanji	加	kanji letter 加	please select words with the letter 加	加え	覆わ	安全	努め	貯金	離陸	答える
kanji	増	kanji letter 増	please select words with the letter 増	増え	向け	覆わ	努め	気付い	交換	廃止
kanji	増	kanji letter 増	please select words with the letter 増	増加	覆わ	上昇	暗記	貯金	出さ	離陸
kanji	増	kanji letter 増	please select words with the letter 増	増し	上昇	暗記	貯金	値	離陸	答える
kanji	表	kanji letter 表	please select words with the letter 表	発表	暗記	努め	値	交換	役立つ	答える
kanji	表	kanji letter 表	please select words with the letter 表	表し	覆わ	貯金	出さ	交換	廃止	役立つ
kanji	表	kanji letter 表	please select words with the letter 表	表現	覆わ	安全	上昇	気付い	交換	役立つ
kanji	欲	kanji letter 欲	please select words with the letter 欲	欲しい	覆わ	気付い	抱い	役立つ	マイル	直面
kanji	欲	kanji letter 欲	please select words with the letter 欲	欲しかっ	向け	上昇	出さ	値	答える	直面
kanji	欲	kanji letter 欲	please select words with the letter 欲	欲し	覆わ	暗記	貯金	出さ	値	流行
kanji	許	kanji letter 許	please select words with the letter 許	許可	安全	努め	発表	交換	常	答える
kanji	許	kanji letter 許	please select words with the letter 許	許し	気付い	発表	交換	役立つ	常	動い
kanji	許	kanji letter 許	please select words with the letter 許	許さ	欲し	抱い	並ん	答える	増加	直面
kanji	向	kanji letter 向	please select words with the letter 向	向かっ	許可	気付い	発表	常	答える	増加
kanji	向	kanji letter 向	please select words with the letter 向	向け	解い	安全	欲し	発表	常	役立つ
kanji	向	kanji letter 向	please select words with the letter 向	向い	許可	安全	欲し	気付い	交換	優勝
kanji	目	kanji letter 目	please select words with the letter 目	目的	いわ	解い	許可	努め	抱い	交換
kanji	目	kanji letter 目	please select words with the letter 目	駄目	気付い	交換	乗せ	役立つ	挑戦
kanji	目	kanji letter 目	please select words with the letter 目	科目	解い	安全	努め	役立つ	並ん	動い
kanji	頼	kanji letter 頼	please select words with the letter 頼	頼っ	向け	解い	抱い	交換	乗せ	常
kanji	頼	kanji letter 頼	please select words with the letter 頼	頼ん	許可	欲し	目的	廃止	乗せ	並ん
kanji	頼	kanji letter 頼	please select words with the letter 頼	信頼	解い	交換	廃止	役立つ	常	動い
kanji	驚	kanji letter 驚	please select words with the letter 驚	驚い	いわ	許可	目的	かまい	並ん	乗せ
kanji	驚	kanji letter 驚	please select words with the letter 驚	驚か	解い	発表	目的	並ん	常	動い
kanji	驚	kanji letter 驚	please select words with the letter 驚	驚き	向い	許可	抱い	常	挑戦	変更
kanji	所	kanji letter 所	please select words with the letter 所	場所	向い	支配	出版	採用	構成	挑戦
kanji	所	kanji letter 所	please select words with the letter 所	所	支配	診	かまい	目的	頼っ	驚き
kanji	所	kanji letter 所	please select words with the letter 所	所有	許可	異なる	支配	出版	苦しん	頼っ
kanji	過	kanji letter 過	please select words with the letter 過	過ごし	向い	出版	かまい	指摘	採用	挑戦
kanji	過	kanji letter 過	please select words with the letter 過	過ごす	許可	いわ	異なる	採用	構成	挑戦
kanji	過	kanji letter 過	please select words with the letter 過	過ぎ	許可	異なる	所有	診	かまい	指摘
kanji	説	kanji letter 説	please select words with the letter 説	説明	異なる	所有	出版	採用	頼っ	驚き
kanji	説	kanji letter 説	please select words with the letter 説	説得	発音	所有	出版	かまい	構成	乗せ
kanji	説	kanji letter 説	please select words with the letter 説	演説	発音	支配	診	かまい	苦しん	驚き
kanji	演	kanji letter 演	please select words with the letter 演	演説	向い	所有	採用	構成	頼っ	驚き
kanji	演	kanji letter 演	please select words with the letter 演	演奏	許可	向い	所有	かまい	構成	挑戦
kanji	演	kanji letter 演	please select words with the letter 演	演じ	過ごす	異なる	出版	かまい	頼っ	半
kanji	進	kanji letter 進	please select words with the letter 進	進ん	発音	証明	過ごす	所有	基づい	演説
kanji	進	kanji letter 進	please select words with the letter 進	進む	発音	確かめ	渡る	支配	指摘	開催
kanji	進	kanji letter 進	please select words with the letter 進	進歩	発音	証明	所有	出版	構成	演説
kanji	素	kanji letter 素	please select words with the letter 素	素晴らしかっ	進む	異なる	出版	眺め	指摘	開催
kanji	素	kanji letter 素	please select words with the letter 素	要素	疑わしい	過ごす	異なる	基づい	診	開催
kanji	素	kanji letter 素	please select words with the letter 素	素晴らしい	進む	過ごす	支配	診	指摘	すん
kanji	記	kanji letter 記	please select words with the letter 記	暗記	疑わしい	渡る	基づい	人気	開催	すん
kanji	記	kanji letter 記	please select words with the letter 記	記録	疑わしい	証明	渡る	要素	戻し	演説
kanji	記	kanji letter 記	please select words with the letter 記	記入	疑わしい	証明	渡る	基づい	人気	要素
kanji	好	kanji letter 好	please select words with the letter 好	好み	進む	記入	戻し	演説	すん	確かめ
kanji	好	kanji letter 好	please select words with the letter 好	好物	進む	渡る	演説	学者	いらいら	眺め
kanji	好	kanji letter 好	please select words with the letter 好	好か	証明	基づい	学者	すん	合う	挨拶
kanji	命	kanji letter 命	please select words with the letter 命	命じ	進む	記入	比較	いらいら	すん	合う
kanji	命	kanji letter 命	please select words with the letter 命	任命	基づい	人気	合う	演説	比較	確かめ
kanji	命	kanji letter 命	please select words with the letter 命	命令	進む	疑わしい	記入	基づい	死に	比較
hiragana	ぼ	hiragana letter ぼ	please select words with the letter ぼ	うぬぼれ	確かめ	記入	渡る	人気	死に	演説
hiragana	ぼ	hiragana letter ぼ	please select words with the letter ぼ	遊ぼう	進む	渡る	基づい	開催	従事	合う
hiragana	ぼ	hiragana letter ぼ	please select words with the letter ぼ	こぼし	発音	疑わしい	記入	眺め	要素	合う
kanji	告	kanji letter 告	please select words with the letter 告	忠告	進む	暮れ	攻撃	人気	要素	比較
kanji	告	kanji letter 告	please select words with the letter 告	告げ	進む	攻撃	検討	死に	要素	従事
kanji	告	kanji letter 告	please select words with the letter 告	警告	進む	攻撃	死に	いらいら	好か	命令
kanji	慣	kanji letter 慣	please select words with the letter 慣	慣れ	爆発	ころ	亡くなり	盗ん	恵まれ	比較
kanji	慣	kanji letter 慣	please select words with the letter 慣	慣れる	暮れ	検討	警告	爆発	杯	比較
kanji	慣	kanji letter 慣	please select words with the letter 慣	習慣	解釈	爆発	こぼし	恵まれ	比較	専念
kanji	謝	kanji letter 謝	please select words with the letter 謝	感謝	慣れる	爆発	杯	盗ん	恵まれ	ばか
kanji	謝	kanji letter 謝	please select words with the letter 謝	謝ら	保証	ノック	抱え	爆発	勤め	治療
kanji	謝	kanji letter 謝	please select words with the letter 謝	謝っ	解釈	保証	訴え	亡くなり	ばか	専念
kanji	洗	kanji letter 洗	please select words with the letter 洗	洗っ	処理	ノック	抱え	沈ん	慣れる	亡くなり
kanji	洗	kanji letter 洗	please select words with the letter 洗	洗濯	沈ん	慣れる	警告	ころ	独立	盗ん
kanji	洗	kanji letter 洗	please select words with the letter 洗	洗い	処理	保証	抱え	たて	沈ん	治療
kanji	壊	kanji letter 壊	please select words with the letter 壊	破壊	保証	訴え	洗濯	抱え	勤め	亡くなり
kanji	壊	kanji letter 壊	please select words with the letter 壊	壊し	謝っ	洗濯	抱え	たて	慣れる	治療
kanji	壊	kanji letter 壊	please select words with the letter 壊	壊れ	処理	精通	抱え	彼氏	慣れる	治療
kanji	重	kanji letter 重	please select words with the letter 重	重い	保証	洗濯	たて	慣れる	走ら	専念
kanji	重	kanji letter 重	please select words with the letter 重	重視	処理	謝っ	一杯	たて	勤め	治療
kanji	重	kanji letter 重	please select words with the letter 重	重	洗濯	一杯	治療	亡くなり	専念	うそ
kanji	広	kanji letter 広	please select words with the letter 広	広い	性格	破壊	謝っ	発生	慣れる	独立
kanji	広	kanji letter 広	please select words with the letter 広	広がっ	アドバイス	謝っ	彼氏	慣れる	勤め	治療
kanji	広	kanji letter 広	please select words with the letter 広	広まっ	処理	精通	謝っ	彼氏	発生	慣れる
kanji	教	kanji letter 教	please select words with the letter 教	教師	覚め	性格	アドバイス	気づか	洗濯	彼氏
kanji	教	kanji letter 教	please select words with the letter 教	教える	性格	破壊	気づか	栽培	載っ	売ら
kanji	教	kanji letter 教	please select words with the letter 教	教え	処理	アドバイス	一杯	発生	載っ	広がっ
kanji	助	kanji letter 助	please select words with the letter 助	援助	洗濯	気づか	動く	発生	独立	重
kanji	助	kanji letter 助	please select words with the letter 助	助け	破壊	洗濯	栽培	彼氏	発生	重
kanji	助	kanji letter 助	please select words with the letter 助	助ける	洗濯	発生	教える	重	混雑	所属
kanji	閉	kanji letter 閉	please select words with the letter 閉	閉じ	覚め	アドバイス	満ち	栽培	うわさ	発生
kanji	閉	kanji letter 閉	please select words with the letter 閉	閉め	アドバイス	栽培	発生	助ける	所属	動く
kanji	閉	kanji letter 閉	please select words with the letter 閉	閉まっ	栽培	疑っ	うわさ	動く	混雑	売ら
kanji	続	kanji letter 続	please select words with the letter 続	続け	取ら	アドバイス	閉まっ	栽培	発生	重
kanji	続	kanji letter 続	please select words with the letter 続	続い	救っ	アドバイス	疑っ	発生	名	広がっ
kanji	続	kanji letter 続	please select words with the letter 続	続く	救っ	栽培	疑っ	助ける	載っ	所属
kanji	寒	kanji letter 寒	please select words with the letter 寒	寒い	疑っ	発生	重	助ける	広がっ	売ら
kanji	寒	kanji letter 寒	please select words with the letter 寒	寒	覚め	アドバイス	気づか	栽培	名	動く
kanji	寒	kanji letter 寒	please select words with the letter 寒	寒かっ	アドバイス	続く	満ち	疑っ	助ける	起こす
kanji	定	kanji letter 定	please select words with the letter 定	否定	放送	続く	満ち	疑っ	助ける	起こす
kanji	定	kanji letter 定	please select words with the letter 定	予定	覚め	放送	喧嘩	上達	うわさ	超え
kanji	定	kanji letter 定	please select words with the letter 定	決定	救っ	放送	閉まっ	疑っ	上達	混雑
kanji	配	kanji letter 配	please select words with the letter 配	支配	もっ	義務	尊重	超え	生きる	仕上げ
kanji	配	kanji letter 配	please select words with the letter 配	心配	放送	義務	腐っ	挙げ	仕上げ	小さ
kanji	配	kanji letter 配	please select words with the letter 配	配達	閉まっ	喧嘩	決定	超え	仕上げ	続く
kanji	連	kanji letter 連	please select words with the letter 連	連絡	仕上げ	動かし	決定	混ん	好む	咲く
kanji	連	kanji letter 連	please select words with the letter 連	連想	動かし	配達	さがし	義務	混ん	生きる
kanji	連	kanji letter 連	please select words with the letter 連	連れ	配達	義務	さがし	喧嘩	決定	生きる
kanji	亡	kanji letter 亡	please select words with the letter 亡	亡くなっ	おか	動かし	発展	下げ	メートル	破っ
kanji	亡	kanji letter 亡	please select words with the letter 亡	亡くなり	おか	言える	メートル	承知	ほんと	切望
kanji	亡	kanji letter 亡	please select words with the letter 亡	亡くし	おか	配達	下げ	混ん	承知	好む
kanji	売	kanji letter 売	please select words with the letter 売	売っ	混ん	承知	連想	好む	破っ	サイン
kanji	売	kanji letter 売	please select words with the letter 売	売ら	おか	さがし	下げ	腐っ	承知	連想
kanji	売	kanji letter 売	please select words with the letter 売	売れ	おか	発展	下げ	承知	サイン	好む
kanji	注	kanji letter 注	please select words with the letter 注	注い	おか	侮辱	発展	駐車	破っ	亡くし
kanji	注	kanji letter 注	please select words with the letter 注	注文	おか	侮辱	磨い	駐車	横たわっ	サイン
kanji	注	kanji letter 注	please select words with the letter 注	注意	売れ	発展	磨い	言える	混ん	連想
kanji	扱	kanji letter 扱	please select words with the letter 扱	扱い	揺れ	横たわっ	替え	承知	連想	サイン
kanji	扱	kanji letter 扱	please select words with the letter 扱	扱っ	発展	揺れ	横たわっ	連想	破っ	美しかっ
kanji	扱	kanji letter 扱	please select words with the letter 扱	扱わ	磨い	揺れ	横たわっ	連想	亡くし	克服
kanji	大	kanji letter 大	please select words with the letter 大	大き	侮辱	売れ	言える	快適	悪化	替え
kanji	大	kanji letter 大	please select words with the letter 大	拡大	駐車	下げ	歌う	下ろし	走れる	握っ
kanji	大	kanji letter 大	please select words with the letter 大	大きい	注い	扱わ	言える	駐車	替え	同情
kanji	汚	kanji letter 汚	please select words with the letter 汚	汚染	着る	変わら	揺れ	快適	立てる	歌う
kanji	汚	kanji letter 汚	please select words with the letter 汚	汚い	変わら	もたらす	歌う	拡大	開ける	没頭
kanji	汚	kanji letter 汚	please select words with the letter 汚	汚れ	揺れ	快適	悪化	歌う	はい	走れる
kanji	覚	kanji letter 覚	please select words with the letter 覚	覚悟	属し	汚染	もたらす	拡大	はい	開ける
kanji	覚	kanji letter 覚	please select words with the letter 覚	覚め	くれる	悪化	汚染	拡大	はい	投票
kanji	覚	kanji letter 覚	please select words with the letter 覚	覚え	着る	くれる	汚染	悪化	はい	開ける
kanji	禁	kanji letter 禁	please select words with the letter 禁	禁じ	走れ	運ば	もたらす	汚染	様子	同情
kanji	禁	kanji letter 禁	please select words with the letter 禁	禁煙	贈っ	運ば	候補	包ん	没頭	狭い
kanji	禁	kanji letter 禁	please select words with the letter 禁	禁止	覚悟	並べ	汚染	拡大	様子	はい
kanji	残	kanji letter 残	please select words with the letter 残	残し	投票	沸騰	運ば	悪化	同情	開ける
kanji	残	kanji letter 残	please select words with the letter 残	残る	とまっ	着る	収め	もたらす	同情	投票
kanji	残	kanji letter 残	please select words with the letter 残	残っ	覚悟	着る	くれる	拡大	開ける	没頭
kanji	求	kanji letter 求	please select words with the letter 求	求める	並べ	走れ	収め	禁じ	衝突	残る
kanji	求	kanji letter 求	please select words with the letter 求	要求	並べ	走れ	収め	変える	禁じ	危ない
kanji	求	kanji letter 求	please select words with the letter 求	求め	並べ	贈っ	祝っ	汚染	危ない	様子
kanji	議	kanji letter 議	please select words with the letter 議	議論	覚悟	相続	求める	衝突	様子	狭い
kanji	議	kanji letter 議	please select words with the letter 議	抗議	属し	とまっ	汚染	禁じ	残る	狭い
kanji	議	kanji letter 議	please select words with the letter 議	不思議	属し	とまっ	沸騰	収め	汚染	贈っ
kanji	構	kanji letter 構	please select words with the letter 構	構成	あたり	相続	収め	謝る	危ない	抗議
kanji	構	kanji letter 構	please select words with the letter 構	構わ	覚悟	求める	収め	謝る	禁じ	残る
kanji	構	kanji letter 構	please select words with the letter 構	構い	あたり	降ろし	謝る	変える	衝突	抗議
kanji	嬉	kanji letter 嬉	please select words with the letter 嬉	嬉しい	相続	降ろし	広げ	禁じ	衝突	様子
kanji	嬉	kanji letter 嬉	please select words with the letter 嬉	嬉し	かい	覚悟	降ろし	禁じ	危ない	設立
kanji	嬉	kanji letter 嬉	please select words with the letter 嬉	嬉しかっ	あたり	覚悟	収め	広げ	ばかげ	抗議
kanji	混	kanji letter 混	please select words with the letter 混	混乱	求める	広げ	歩か	悩ん	設立	ばかげ
kanji	混	kanji letter 混	please select words with the letter 混	混雑	あたり	見物	謝る	歩か	骨折	抗議
kanji	混	kanji letter 混	please select words with the letter 混	混ん	なさっ	広げ	歩か	接し	設立	骨折
kanji	治	kanji letter 治	please select words with the letter 治	治る	感心	悩ん	危ない	接し	設立	ばかげ
kanji	治	kanji letter 治	please select words with the letter 治	治っ	混乱	謝る	広げ	抗議	接し	設立
kanji	治	kanji letter 治	please select words with the letter 治	治療	求める	なさっ	混乱	謝る	危ない	接し
kanji	越	kanji letter 越	please select words with the letter 越	越え	治る	求める	なさっ	危ない	骨折	構わ
kanji	越	kanji letter 越	please select words with the letter 越	引っ越し	見物	治る	感心	あう	広げ	設立
kanji	越	kanji letter 越	please select words with the letter 越	越し	混乱	歩か	分かれ	危ない	設立	嬉し
kanji	外	kanji letter 外	please select words with the letter 外	外し	見物	治る	感心	居る	あう	きい
kanji	外	kanji letter 外	please select words with the letter 外	外食	好ま	用心	混乱	歩か	混ぜ	骨折
kanji	外	kanji letter 外	please select words with the letter 外	外出	あたり	見物	正しかっ	吸収	居る	越え
kanji	怒	kanji letter 怒	please select words with the letter 怒	怒る	治る	面し	外食	吸収	越え	動き
kanji	怒	kanji letter 怒	please select words with the letter 怒	怒ら	治る	面し	外食	混乱	越え	体験
kanji	怒	kanji letter 怒	please select words with the letter 怒	怒っ	望む	吸収	体験	動き	混ぜ	鋭い
kanji	困	kanji letter 困	please select words with the letter 困	困難	望む	こい	用心	面し	吸収	居る
kanji	困	kanji letter 困	please select words with the letter 困	困っ	きい	面し	なさっ	用心	居る	張っ
kanji	困	kanji letter 困	please select words with the letter 困	困る	好ま	居る	混乱	面し	動き	怒る
kanji	平	kanji letter 平	please select words with the letter 平	平等	面し	難し	外食	越え	体験	居る
kanji	平	kanji letter 平	please select words with the letter 平	平和	こい	外食	吸収	越え	ありがたい	怒る
kanji	平	kanji letter 平	please select words with the letter 平	公平	こい	混乱	体験	ありがたい	張っ	動き
kanji	断	kanji letter 断	please select words with the letter 断	判断	こい	わくわく	おおわ	生じ	蹴っ	平気
kanji	断	kanji letter 断	please select words with the letter 断	断っ	生じ	ありがたい	当惑	平気	叱っ	計算
kanji	断	kanji letter 断	please select words with the letter 断	横断	診察	抑える	ありがたい	怒る	叱っ	計算
kanji	横	kanji letter 横	please select words with the letter 横	横切っ	おおわ	怒る	平気	通る	側面	計算
kanji	横	kanji letter 横	please select words with the letter 横	横たわっ	わくわく	抑える	蹴っ	通る	当惑	切れる
kanji	横	kanji letter 横	please select words with the letter 横	横断	診察	抑える	平気	叱っ	計算	平等
kanji	引	kanji letter 引	please select words with the letter 引	引い	わくわく	掛かっ	抑える	撃っ	冷静	蹴っ
kanji	引	kanji letter 引	please select words with the letter 引	引っ越し	掛かっ	よこし	抑える	撃っ	当惑	叱っ
kanji	引	kanji letter 引	please select words with the letter 引	引用	診察	よこし	蹴っ	通る	処分	切れる
kanji	辞	kanji letter 辞	please select words with the letter 辞	辞職	よこし	横断	生まれる	喜ぶ	傾け	刻ん
kanji	辞	kanji letter 辞	please select words with the letter 辞	辞書	掛かっ	生まれる	ほっと	引用	通る	喜ぶ
kanji	辞	kanji letter 辞	please select words with the letter 辞	辞め	よこし	通ら	引用	喜ぶ	生まれる	刻ん
kanji	嫌	kanji letter 嫌	please select words with the letter 嫌	機嫌	下し	撃っ	処分	戻ら	悪
kanji	嫌	kanji letter 嫌	please select words with the letter 嫌	嫌っ	掛かっ	かなっ	引用	よさ	辞職	曲がり
kanji	嫌	kanji letter 嫌	please select words with the letter 嫌	嫌い	掛かっ	撃っ	かなっ	辞職	曲がり	悪
kanji	恐	kanji letter 恐	please select words with the letter 恐	恐れる	悩まさ	撃っ	辞職	戻ら	締め	解放
kanji	恐	kanji letter 恐	please select words with the letter 恐	恐れ	辞職	処分	追加	くつろい	刻ん
kanji	恐	kanji letter 恐	please select words with the letter 恐	恐い	掛かっ	処分	よさ	追加	くつろい	戻ら
kanji	焼	kanji letter 焼	please select words with the letter 焼	焼け	嫌っ	かなっ	引用	追加	戻ら	曲がり
kanji	焼	kanji letter 焼	please select words with the letter 焼	全焼	くつろい	下し	引用	よさ	辞職	刻ん
kanji	焼	kanji letter 焼	please select words with the letter 焼	焼い	悩まさ	刻ん	かなっ	まいり	処分	傾け
kanji	職	kanji letter 職	please select words with the letter 職	辞職	処分	よさ	傾け	曲がり	悪	解放
kanji	職	kanji letter 職	please select words with the letter 職	就職	拾っ	掛かっ	嫌っ	まいり	引用	恐れる
kanji	職	kanji letter 職	please select words with the letter 職	退職	悩まさ	拾っ	かなっ	処分	代わっ	締め
katakana	ピ	katakana letter ピ	please select words with the letter ピ	ピザ	下っ	就職	下し	辞職	焼け	どきどき
katakana	ピ	katakana letter ピ	please select words with the letter ピ	レシピ	下っ	就職	恐れる	代わっ	焼け	曲がり
katakana	ピ	katakana letter ピ	please select words with the letter ピ	コピー	拾っ	下っ	すわっ	追加	恐れる	辞職
kanji	車	kanji letter 車	please select words with the letter 車	停車	下っ	就職	すわっ	まいり	くっつい	締め
kanji	車	kanji letter 車	please select words with the letter 車	駐車	嫌っ	就職	下し	どきどき	曲がり	解放
kanji	車	kanji letter 車	please select words with the letter 車	車	拾っ	すわっ	くっつい	こたえ	代わっ	コピー
kanji	泊	kanji letter 泊	please select words with the letter 泊	泊まっ	下っ	すわっ	まいり	くっつい	焼け	締め
kanji	泊	kanji letter 泊	please select words with the letter 泊	泊まり	すわっ	追加	くっつい	恐れる	コピー	どきどき
kanji	泊	kanji letter 泊	please select words with the letter 泊	泊め	拾っ	すわっ	コピー	どきどき	停車	悪
kanji	収	kanji letter 収	please select words with the letter 収	収め	減り	流さ	扱う	当たる	なくなり	こたえ
kanji	収	kanji letter 収	please select words with the letter 収	収容	泊め	脅し	当たる	誓っ	停車	よし
kanji	収	kanji letter 収	please select words with the letter 収	吸収	害し	泊め	よし	用い	当たる	誓っ
kanji	脱	kanji letter 脱	please select words with the letter 脱	脱ぎ	磨き	用い	当たる	包ま	尽くさ	収容
kanji	脱	kanji letter 脱	please select words with the letter 脱	脱い	害し	生ん	誓っ	包ま	尽くさ	待たさ
kanji	脱	kanji letter 脱	please select words with the letter 脱	脱し	磨き	生ん	当たる	なくなり	尽くさ
kanji	応	kanji letter 応	please select words with the letter 応	応援	脅し	用い	誓っ	当たる	学ば	痩せ
kanji	応	kanji letter 応	please select words with the letter 応	応じ	害し	脅し	包ま	覚まし	待たさ	がまん
kanji	応	kanji letter 応	please select words with the letter 応	応募	良さ	磨き	よし	学ば	負っ	包ま
kanji	放	kanji letter 放	please select words with the letter 放	解放	良さ	学ば	負っ	収容	覚まし	よし
kanji	放	kanji letter 放	please select words with the letter 放	放送	良さ	陥っ	剃っ	生ん	覚まし	がまん
kanji	放	kanji letter 放	please select words with the letter 放	放っ	良さ	磨き	脱し	学ば	応援	尽くさ
kanji	支	kanji letter 支	please select words with the letter 支	支持	良さ	磨き	陥っ	包ま	負っ	収容
kanji	支	kanji letter 支	please select words with the letter 支	支配	磨き	預かっ	整頓	生ん	収容	よし
kanji	支	kanji letter 支	please select words with the letter 支	支払っ	整頓	脱し	包ま	負っ	応援	収容
kanji	熱	kanji letter 熱	please select words with the letter 熱	熱中	預かっ	整頓	支払っ	学ば	包ま	負っ
kanji	熱	kanji letter 熱	please select words with the letter 熱	熱望	良さ	磨き	生ん	学ば	遅	尽くさ
kanji	熱	kanji letter 熱	please select words with the letter 熱	熱い	磨き	陥っ	整頓	高かっ	剃っ	上がり
kanji	散	kanji letter 散	please select words with the letter 散	解散	悲しん	預かっ	支払っ	熱望	象徴	放っ
kanji	散	kanji letter 散	please select words with the letter 散	散髪	悲しん	剃っ	負っ	助かり	放っ
kanji	散	kanji letter 散	please select words with the letter 散	散歩	預かっ	高かっ	上がり	支払っ	熱望	助かり
hiragana	ゃ	hiragana letter ゃ	please select words with the letter ゃ	しゃべる	預かっ	剃っ	支払っ	負っ	応援	デー
hiragana	ゃ	hiragana letter ゃ	please select words with the letter ゃ	いらっしゃい	預かっ	整頓	高かっ	支払っ	助かり	覚まし
hiragana	ゃ	hiragana letter ゃ	please select words with the letter ゃ	しゃべら	悲しん	整頓	熱望	うっとり	負っ	食わ
kanji	住	kanji letter 住	please select words with the letter 住	住ん	固執	剃っ	支払っ	熟し	助かり
kanji	住	kanji letter 住	please select words with the letter 住	住まい	固執	詰め	剃っ	熱望	限り	助かり
kanji	住	kanji letter 住	please select words with the letter 住	住み	詰め	悲しん	剃っ	限り	象徴	解散
katakana	マ	katakana letter マ	please select words with the letter マ	ハマっ	固執	うっとり	ねがい	しゃべっ	象徴	助かり
katakana	マ	katakana letter マ	please select words with the letter マ	マイル	固執	間違える	剃っ	ねがい	解散	放っ
katakana	マ	katakana letter マ	please select words with the letter マ	クリスマス	詰め	熱望	支払っ	限り	助かり	遅
kanji	折	kanji letter 折	please select words with the letter 折	折っ	間違える	詰め	固執	伝わっ	強かっ	しゃべっ
kanji	折	kanji letter 折	please select words with the letter 折	骨折	伝わっ	強かっ	うっとり	しゃべっ	ねがい	住まい
kanji	折	kanji letter 折	please select words with the letter 折	折れ	固執	しゃべっ	限り	解散	住まい	しゃべら
kanji	参	kanji letter 参	please select words with the letter 参	参加	折れ	伝わっ	強かっ	進め	指し	嫌わ
kanji	参	kanji letter 参	please select words with the letter 参	参り	狭	振る舞っ	折れ	伝わっ	運べ	進め
kanji	参	kanji letter 参	please select words with the letter 参	参照	狭	振る舞っ	迫っ	まちがっ	運べ	進め
kanji	試	kanji letter 試	please select words with the letter 試	試合	すごし	伝わっ	運べ	進め	打た	住まい
kanji	試	kanji letter 試	please select words with the letter 試	試着	まちがっ	強かっ	運べ	指し	進め	参照
kanji	試	kanji letter 試	please select words with the letter 試	試し	狭	振る舞っ	伝わっ	指し	報わ	ハマっ
kanji	杯	kanji letter 杯	please select words with the letter 杯	杯	間違える	むずかしい	振る舞っ	ささげ	参照	結べ
kanji	杯	kanji letter 杯	please select words with the letter 杯	一杯	狭	すごし	折れ	打た	進め	指し
kanji	杯	kanji letter 杯	please select words with the letter 杯	乾杯	むずかしい	伝わっ	打た	進め	ささげ	住まい
kanji	早	kanji letter 早	please select words with the letter 早	早	難しかっ	すごし	みなさ	支払い	試み	乾杯
kanji	早	kanji letter 早	please select words with the letter 早	早い	催さ	みなさ	運べ	務め	報わ	試み
kanji	早	kanji letter 早	please select words with the letter 早	早起き	狭	振る舞っ	まちがっ	ささげ	驚き	みつけ
kanji	限	kanji letter 限	please select words with the letter 限	限ら	難しかっ	覆っ	試着	報わ	参照	聴き
kanji	限	kanji letter 限	please select words with the letter 限	限り	難しかっ	催さ	支払い	魅了	試着	参照
kanji	限	kanji letter 限	please select words with the letter 限	限る	難しかっ	催さ	打た	試着	試み	聴き
kanji	処	kanji letter 処	please select words with the letter 処	処分	批判	分析	限る	あきあき	例	依存
kanji	処	kanji letter 処	please select words with the letter 処	対処	探求	早	限る	依存	聴き	地
kanji	処	kanji letter 処	please select words with the letter 処	処理	批判	分析	魅了	依存	あきあき	概念
kanji	指	kanji letter 指	please select words with the letter 指	指し	探求	放し	分析	魅了	例	依存
kanji	指	kanji letter 指	please select words with the letter 指	指摘	探求	難しかっ	催さ	魅了	早	刈っ
kanji	指	kanji letter 指	please select words with the letter 指	目指し	催さ	放し	限る	対処	地	貢献
kanji	由	kanji letter 由	please select words with the letter 由	理由	費やし	買える	解く	変化	公開	区別
kanji	由	kanji letter 由	please select words with the letter 由	由来	費やし	競争	終える	対処	報告	区別
kanji	由	kanji letter 由	please select words with the letter 由	自由	生産	競争	対処	驚く	報告	公開
kanji	示	kanji letter 示	please select words with the letter 示	示す	セット	書け	製造	届か	由来	え
kanji	示	kanji letter 示	please select words with the letter 示	示さ	訳	セット	着陸	製造	囲ま	支え
kanji	示	kanji letter 示	please select words with the letter 示	示し	訳	セット	着陸	届か	適用	請求
kanji	撃	kanji letter 撃	please select words with the letter 撃	撃っ	訳	セット	販売	語っ	適用	由来
kanji	撃	kanji letter 撃	please select words with the letter 撃	目撃	着陸	語っ	適用	合意	支え	推薦
kanji	撃	kanji letter 撃	please select words with the letter 撃	攻撃	示す	書け	届か	語っ	保存	合意
kanji	登	kanji letter 登	please select words with the letter 登	登録	示す	まとめ	語っ	行う	浮かべ	合意
kanji	登	kanji letter 登	please select words with the letter 登	登り	異なっ	目撃	書け	まとめ	行う	削除
kanji	登	kanji letter 登	please select words with the letter 登	登っ	異なっ	目撃	着陸	語っ	削除	かから
kanji	投	kanji letter 投	please select words with the letter 投	投票	異なっ	着陸	製造	語っ	登り	適用
kanji	投	kanji letter 投	please select words with the letter 投	投函	示す	まとめ	製造	登り	承認	推薦
kanji	投	kanji letter 投	please select words with the letter 投	投げ	異なっ	示す	書け	セット	行う	削除
kanji	判	kanji letter 判	please select words with the letter 判	判断	異なっ	おっしゃっ	目撃	負わ	発掘	手配
kanji	判	kanji letter 判	please select words with the letter 判	批判	稼い	まとめ	発掘	なさ	語っ	扱い
kanji	判	kanji letter 判	please select words with the letter 判	判明	通過	稼い	担当	発掘	なさ	行う
kanji	結	kanji letter 結	please select words with the letter 結	結ん	稼い	異なっ	まとめ	発掘	行う
kanji	結	kanji letter 結	please select words with the letter 結	結婚	通過	おっしゃっ	目撃	扱い	削除	承認
kanji	結	kanji letter 結	please select words with the letter 結	結べ	稼い	まとめ	発掘	語っ	行う	合意
kanji	届	kanji letter 届	please select words with the letter 届	届き	判明	通過	支給	おっしゃっ	合意	混同
kanji	届	kanji letter 届	please select words with the letter 届	届い	支給	混同	語っ	行う	扱い	登り
kanji	届	kanji letter 届	please select words with the letter 届	届か	通過	支給	おっしゃっ	調和	語っ	行う
kanji	減	kanji letter 減	please select words with the letter 減	減り	判明	目撃	合意	まとめ	語っ	浮かべ
kanji	減	kanji letter 減	please select words with the letter 減	減少	支給	おっしゃっ	調和	手配	浮かべ
kanji	減	kanji letter 減	please select words with the letter 減	減っ	稼い	調和	発掘	語っ	行う	投函
kanji	反	kanji letter 反	please select words with the letter 反	反抗	支給	おっしゃっ	負わ	混同	手配	貯め
kanji	反	kanji letter 反	please select words with the letter 反	反映	判明	稼い	負わ	手配	貯め	投函
kanji	反	kanji letter 反	please select words with the letter 反	反対	判明	支給	おっしゃっ	なさ	扱い	承認
kanji	先	kanji letter 先	please select words with the letter 先	先生	支給	担当	混同	届き	扱い	結ん
kanji	先	kanji letter 先	please select words with the letter 先	優先	判明	マスター	手配	混同	扱い	投函
kanji	先	kanji letter 先	please select words with the letter 先	先	支給	反映	発掘	マスター	貯め	届き
kanji	考	kanji letter 考	please select words with the letter 考	考慮	判明	マスター	混同	貯め	認識	減少
kanji	考	kanji letter 考	please select words with the letter 考	考え	判明	支給	混同	貯め	優先	認識
kanji	考	kanji letter 考	please select words with the letter 考	考える	支給	示唆	調和	マスター	混同	届き
kanji	化	kanji letter 化	please select words with the letter 化	悪化	示唆	調和	及ぼし	推進	届き	特徴
kanji	化	kanji letter 化	please select words with the letter 化	強化	支給	推進	後	届き	特徴	優先
kanji	化	kanji letter 化	please select words with the letter 化	変化	考慮	調和	後	混同	貯め	届き
