kanji	見	見る	見つから	見	意見	見物	見え	発見	見つけ	見つかっ	見つける	見える	見せ
kanji	行	行わ	実行	行う	行ける	行け	行き	行く	流行	行動	行っ	行か	流行っ	行こう	旅行
kanji	持	金持ち	持っ	持つ	持た	持ち主	気持ち	支持	持ち
kanji	食	外食	食わ	食べよう	食べ物	食べる	食事	食っ	食べ
kanji	家	家族	作家	家
kanji	思	思える	思え	思い	思わ	不思議	思っ	思う
kanji	必	必要
kanji	要	必要	要る	要求	要素	要り
kanji	考	考慮	考え	考える
kanji	人	人物	人間	一人	人気	人形	友人	人	詩人	美人
kanji	本	本当	本
kanji	言	言語	言え	言える	言い	言わ	言っ	言う
kanji	時	時	何時	時代	時間
kanji	仕	仕上げ	仕事
kanji	事	事実	従事	出来事	食事	返事	事	仕事
kanji	来	出来る	来れ	来る	出来事	由来	来	出来
kanji	間	仲間	人間	週間	間違え	間に合う	間違える	間違い	間に合わ	間違っ	間に合っ	時間
kanji	日	明日	日	休日	昨日
kanji	当	当て	当たる	本当	担当	当たっ	当惑
kanji	知	存知	承知	知ら	知っ	知る	知り	知り合い
kanji	問	訪問	問題	質問
kanji	題	問題
kanji	勉	勉強	勤勉
kanji	強	強化	勉強	強かっ	強調	強い
kanji	方	味方	方	方法
kanji	聞	聞け	聞い	聞き	聞く	聞こえ	聞こえる	新聞	聞か
kanji	電	電話
kanji	話	話そう	世話	話し	話せ	電話	話さ	話	話す	話せる
kanji	気	元気	病気	人気	気	気づい	気づか	気分	天気	気付い	気持ち	平気
kanji	出	出す	出し	出版	出来る	出さ	出席	出せ	出る	出	出来事	出発	外出	提出	出身	出来
kanji	車	停車	駐車	車
kanji	語	語っ	言語	母語	英語	物語	語
kanji	買	買わ	買い	買える	買う	買っ	買え
kanji	住	住ん	住まい	住み
kanji	子	双子	息子	女の子	子	子供	様子
kanji	供	提供	供給	子供
kanji	金	金持ち	金	貯金
kanji	教	教師	教える	教え
kanji	入	購入	入る	入っ	輸入	入院	入れる	入り	記入	入ら	入れ
kanji	良	仲良し	良かっ	良さ	良い
kanji	成	完成	構成	成功	賛成	成長	達成
kanji	功	成功
kanji	忘	忘れる	忘れ
kanji	男	男
kanji	結	結ん	結婚	結べ
kanji	婚	結婚	離婚
kanji	先	先生	優先	先
kanji	生	生じ	生まれる	長生き	学生	生まれ	生む	生きる	生活	生産	生え	先生	生き	生徒	発生	生ん
kanji	理	理解	処理	修理	理由	料理	無理
kanji	解	解く	理解	解け	解ら	解決	解い	解放	誤解	解釈	解散	解雇
kanji	一	一緒	一人	一杯	一致	一員	一番	一	一種
kanji	緒	一緒
kanji	友	友達	友人	親友
kanji	達	上達	達し	友達	配達	達成
kanji	年	年齢	年下	年上	年	少年
kanji	悪	最悪	悪化	悪	悪い	悪かっ
kanji	会	会おう	会え	会う	会える	会っ	会い	会わ
kanji	始	開始	始め	始めよう	始まり	始まる	始まっ
kanji	信	信じる	信じ	確信	信頼	信用
kanji	読	句読点	読む	読ま	読め	読める	読み	読ん
kanji	意	意味	注意	意見	合意	同意	用意	得意
kanji	味	美味しかっ	意味	趣味	美味しい	味方	興味	美味し
kanji	多	多い	多かっ	多
kanji	注	注い	注文	注意
kanji	名	署名	名	名前	名づけ	名付け
kanji	前	名前	前
kanji	寝	寝る	寝坊	寝
kanji	与	与え	与える
kanji	発	発掘	発明	発音	開発	発展	出発	発見	爆発	発生	発表
kanji	料	無料	料理
kanji	高	高	最高	高い	高かっ
kanji	受	受かっ	受ける	受け
kanji	書	書い	書か	書く	書き	辞書	書け
kanji	待	待ち	待っ	待つ	待た	招待	待ち遠しい	期待	待とう	待たさ	待て
kanji	番	一番	番組	番
kanji	上	上がっ	年上	上達	上	召し上がり	上昇	以上	上がり	上げ	上手い	仕上げ
kanji	旅	旅	旅行
kanji	帰	帰っ	帰る	帰り	帰宅	帰ら
kanji	説	説明	説得	演説
kanji	明	不明	発明	明日	明るい	判明	説明	証明	賢明
kanji	欲	欲しい	欲しかっ	欲し
kanji	下	年下	下し	下げ	下手	下さい	下ろし	下っ	下がっ
kanji	運	幸運	運動	運ん	運べ	運命	運転	運ば
kanji	転	運転
kanji	犬	犬
kanji	難	難しい	難し	困難	非難	難しかっ
kanji	遅	遅れ	遅刻	遅い	遅れる	遅
kanji	願	願っ	願い
kanji	部	全部	部屋
kanji	屋	部屋
kanji	心	中心	心配	決心	安心	用心	感心
kanji	配	支配	手配	心配	配達
kanji	計	計算	計画
kanji	画	映画	計画
kanji	失	失敗	失望	失っ	失礼
kanji	敗	失敗
kanji	働	働か	働く	働き	働い
kanji	起	起きる	提起	起こり	起こし	早起き	起こす	起き	起こる	起こっ
kanji	病	病気	臆病
kanji	歩	歩け	散歩	歩か	歩く	歩き	進歩	歩い
kanji	使	使え	使う	使い	使用	使っ	使える	使わ
kanji	約	約束	予約
kanji	束	約束
kanji	疲	疲れ
kanji	座	座り	座っ
kanji	分	分かる	分け	分かん	分かれ	分	分かっ	分から	気分	処分	分かり	分析
kanji	新	新しい	新聞
kanji	作	作ら	作る	作り	作っ	作家
kanji	長	長	成長	長い	長生き
kanji	覚	覚悟	覚め	覚え	覚まし
kanji	楽	楽しん	楽しみ	楽し	楽	楽しかっ	楽しい
kanji	通	精通	通学	通し	通過	通ら	通っ	通り	通じ	通る
kanji	親	親切	親友
kanji	切	切れ	裏切っ	切れる	切り	切っ	横切っ	親切	切望
kanji	死	死ん	死に	死な	死ぬ
kanji	美	美味しい	美味し	美しい	美しかっ	美味しかっ	美人
kanji	幸	幸福	幸い	幸せ	幸運
kanji	努	努力	努め
kanji	力	努力	魅力
kanji	手	手配	手伝い	苦手	手伝っ	下手	歌手	手伝わ	手紙	手伝う	上手い	手渡し	選手
kanji	伝	伝統	手伝い	手伝っ	手伝わ	伝わっ	伝え	手伝う
kanji	質	質問
kanji	雨	雨
kanji	学	留学	学生	学ば	学校	学ぶ	学ん	学び	通学	学者
kanji	終	終わっ	終える	終わる	終わり	終え	終わら
kanji	着	着き	着陸	着く	着る	試着	到着	着い	着
kanji	健	健康
kanji	康	健康
kanji	続	続け	続い	相続	続く
kanji	感	感動	感じ	敏感	感じる	同感	感謝	感心
kanji	夢	夢
kanji	飲	飲む	飲ん	飲ま	飲み	飲め
kanji	予	予約	予定
kanji	定	仮定	否定	予定	決定
kanji	違	違っ	違い	間違え	違う	間違える	間違い	間違っ
kanji	取	取り	取ら	取っ	取る	取れ
kanji	少	少ない	少女	少し	減少	少年
kanji	映	映画	反映
kanji	開	開始	開い	開き	開発	満開	公開	開か	開け	開催	開ける
kanji	降	降る	降っ	降り	降ろし	降ら
kanji	素	素晴らしかっ	要素	素晴らしい
kanji	晴	晴れ	晴れる	素晴らしい	素晴らしかっ
kanji	試	試合	試着	試し	試み
kanji	反	反抗	反映	反対
kanji	対	対処	反対
kanji	決	決め	決まっ	解決	決心	決定
kanji	場	場所
kanji	所	場所	所	所有	所属
kanji	国	国	国民
kanji	探	探求	探し
kanji	立	立つ	役立ち	立て	立っ	設立	立た	立てる	役立つ	独立	立ち
kanji	動	感動	動かし	運動	動い	動き	動物	行動	動く	動か
kanji	物	人物	食べ物	物語	動物	見物	好物	物
kanji	紙	手紙
kanji	求	求め	求める	要求	請求	探求
kanji	散	解散	散髪	散歩
kanji	元	元気
kanji	女	女	少女	女性	女の子
kanji	嫌	機嫌	嫌っ	嫌い	嫌わ
kanji	貸	貸し
kanji	忙	忙しい	忙しかっ	忙し
kanji	戻	戻し	戻る	戻っ	戻ら	戻り
kanji	医	医者
kanji	者	怠け者	医者	者	学者
kanji	到	到着
kanji	得	獲得	納得	得	説得	得意
kanji	面	直面	面白かっ	面し	面白い	面白	側面
kanji	白	面白	面白かっ	白い	面白い
kanji	席	出席	欠席
kanji	驚	驚い	驚か	驚き	驚く
kanji	愛	愛さ	愛する	愛し	可愛い
kanji	走	走る	走り	走ら	走れ	走れる	走っ
kanji	利	利用	便利
kanji	用	引用	適用	用心	使用	用い	採用	活用	用意	信用	利用
kanji	危	危ない	危険
kanji	険	危険
kanji	助	援助	助け	助かり	助ける
kanji	天	天才	天気
kanji	族	家族
kanji	正	正直	正しい	正確	正しかっ
kanji	満	満ち	満足	満開	満たし
kanji	足	足り	不足	満足
kanji	賛	賛成
kanji	乗	乗せ	乗ら	乗れ	乗り	乗っ	乗る
kanji	落	落とさ	落ち	落とし
kanji	怒	怒る	怒ら	怒っ
kanji	過	過ごし	過ごす	通過	過ぎ
kanji	置	置き	置い
kanji	最	最高	最悪
kanji	法	方法
kanji	役	役立ち	役立つ
kanji	送	送り	送る	送っ	放送
kanji	謝	感謝	謝ら	謝っ	謝る
kanji	連	連絡	関連	連想	連れ
kanji	絡	連絡
kanji	借	借り
kanji	喜	喜ぶ	喜ん
kanji	関	関係	関連
kanji	係	関係
kanji	花	花
kanji	合	合い	合わ	合格	合う	合意	間に合う	合っ	合わせ	試合	合図	間に合わ	間に合っ	知り合い
kanji	格	合格	性格
kanji	校	学校
kanji	似	似
kanji	急	急い
kanji	外	外し	外食	外出
kanji	猫	猫
kanji	答	答える	答え
kanji	若	若い
kanji	参	参加	参り	参照
kanji	加	参加	追加	増加	加え
kanji	存	存知	存じ	依存	存在	保存
kanji	在	存在	滞在	在宅
kanji	尋	尋ね
kanji	我	我慢
kanji	慢	自慢	我慢
kanji	無	無駄	無くなっ	無料	無かっ	無理	無視	無くし	無い
kanji	駄	駄目	無駄
kanji	性	女性	性格
kanji	痛	痛め	痛み	痛む	痛い
kanji	大	大き	拡大	大きい
kanji	向	向かっ	向け	向い
kanji	調	調査	調和	調べ	強調
kanji	眠	眠っ	眠れ	眠い	眠り
kanji	滞	滞在
kanji	写	写真
kanji	真	写真	真実
kanji	笑	笑わ	微笑ん	笑い	笑っ	笑う
kanji	止	中止	廃止	禁止	止まっ	止め
kanji	宅	帰宅	在宅
kanji	困	困難	困っ	困る
kanji	慣	慣れ	慣れる	習慣
kanji	馬	馬鹿
kanji	鹿	馬鹿
kanji	徒	生徒
kanji	辞	辞職	辞書	辞め
kanji	準	準備
kanji	備	準備	備え
kanji	夜	夜
kanji	深	深い
kanji	暮	暮らし	暮れ
kanji	変	変わっ	変え	変	変化	変わり	変わら	変更	変える	変わる
kanji	古	古い	古典
kanji	同	同然	同情	同感	同意	混同
kanji	認	承認	認め	認識	確認	認める
kanji	刻	遅刻	刻ん
kanji	消	消し	消え
kanji	訪	訪問	訪れる	訪れ	訪ね
kanji	寒	寒い	寒	寒かっ
kanji	尊	尊敬	尊重
kanji	敬	尊敬
kanji	文	注文	文
kanji	嘘	嘘つき	嘘
kanji	初	初めて
kanji	町	町
kanji	身	出身	独身
kanji	招	招待	招い
kanji	残	残し	残る	残っ
kanji	泣	泣か	泣く	泣い	泣き
kanji	度	度
kanji	呼	呼ば	呼ん	呼ぶ	呼び
kanji	不	不足	不思議	不明
kanji	直	仲直り	正直	直し	直面
kanji	弟	弟	兄弟
kanji	修	修理
kanji	果	果たす	果たし
kanji	飼	飼っ
kanji	福	幸福
kanji	限	限ら	限り	限る
kanji	掃	掃除
kanji	除	削除	掃除
kanji	小	小さい	小さ
kanji	実	実行	実現	事実	真実
kanji	紹	紹介
kanji	介	紹介
kanji	頼	頼っ	頼ん	信頼	頼み
kanji	責	責任	責め
kanji	任	責任	任せ	任命
kanji	離	離陸	距離	離れ	離婚
kanji	黙	黙っ
kanji	閉	閉じ	閉め	閉まっ
kanji	選	選択	選ば	選び	選ん	選手
kanji	鳴	鳴っ	鳴らし
kanji	迎	迎え	歓迎
kanji	休	休憩	休ん	休日	休む	休み
kanji	鍵	鍵
kanji	次	次第
kanji	第	次第
kanji	回	回っ	回	回復	回し
kanji	復	回復
kanji	逃	逃げ
kanji	亡	亡くなっ	亡くなり	亡くし
kanji	嬉	嬉しい	嬉し	嬉しかっ
kanji	礼	失礼
kanji	冗	冗談
kanji	談	相談	冗談
kanji	払	支払っ	払い	払わ	払え	払っ	支払い	払う
kanji	付	片付け	付け	気付い	付い	名付け
kanji	売	売っ	売ら	販売	売れ
kanji	奴	奴
kanji	早	早	早い	早起き
kanji	店	店
kanji	負	負え	負わ	負傷	負っ	負け
kanji	空	空っぽ	空	空い
kanji	案	提案	案内
kanji	内	案内
kanji	泳	泳げる	泳ぎ	泳げ	泳い	泳ぐ
kanji	現	現れ	表現	実現
kanji	確	確かめ	確認	正確	確信
kanji	提	提供	提案	提出	提起
kanji	怖	怖い	怖
kanji	返	返事	返し	返せ
kanji	勝	勝っ	優勝	勝つ	勝ち
kanji	苦	苦しん	苦労	苦手	苦い
kanji	歌	歌う	歌い	歌っ	歌手
kanji	月	月
kanji	増	増え	増加	増し
kanji	興	興味	興奮
kanji	奮	興奮
kanji	盗	盗ん	盗ま
kanji	安	安い	安心	安全
kanji	勤	勤め	勤勉
kanji	由	理由	由来	自由
kanji	暑	暑い
kanji	非	非難
kanji	相	相談	相続
kanji	近	近い	近づい	近く
kanji	守	留守	守ら	守っ	守る
kanji	息	息子
kanji	致	一致
kanji	許	許可	許し	許さ
kanji	色	何色	色
kanji	速	速い
kanji	目	目撃	科目	目的	駄目	目指し
kanji	耐	耐え
kanji	恐	恐れる	恐れ	恐い
kanji	迷	迷っ
kanji	壊	破壊	壊し	壊れ
kanji	集	集中	集まっ	集め	集まり
kanji	中	中心	途中	中止	熱中	中	集中
kanji	賢	賢い	賢明
kanji	述	述べ
kanji	歓	歓迎
kanji	吸	吸い	吸収	吸う	吸わ	吸っ
kanji	欠	欠け	欠席
kanji	種	種	一種
kanji	育	育っ	育て
kanji	建	建て
kanji	択	選択
kanji	院	入院
kanji	洗	洗っ	洗濯	洗い
kanji	師	教師
kanji	鳥	鳥
kanji	捨	捨て
kanji	暇	暇
kanji	視	重視	無視
kanji	捜	捜し
kanji	完	完成	完了	完璧
kanji	引	引い	引っ越し	引用
kanji	描	描い
kanji	杯	杯	一杯	乾杯
kanji	木	木製	木
kanji	軽	軽い	軽蔑
kanji	蔑	軽蔑
kanji	捕	逮捕	捕まえ	捕まっ
kanji	禁	禁じ	禁煙	禁止
kanji	登	登録	登り	登っ
kanji	倒	倒れ
kanji	退	退職	退屈
kanji	屈	屈し	退屈
kanji	都	都市	首都
kanji	市	都市	市
kanji	尽	尽くさ	尽くし
kanji	自	自由	自殺	自慢
kanji	殺	殺し	自殺	殺さ
kanji	優	優れ	優勝	俳優	優先	優しい
kanji	流	流し	流さ	流れ	流行	流行っ
kanji	卒	卒業
kanji	業	卒業
kanji	璧	完璧
kanji	撮	撮っ
kanji	紳	紳士
kanji	士	紳士
kanji	魅	魅了	魅力
kanji	習	習い	練習	習っ	習慣
kanji	聴	聴き	聴い
kanji	渡	手渡し	渡る	渡し	渡っ
kanji	途	途中
kanji	叫	叫ん
kanji	逮	逮捕
kanji	泊	泊まっ	泊まり	泊め
kanji	齢	年齢
kanji	観	観
kanji	犯	犯し
kanji	支	支払っ	支え	支配	支持	支払い	支給
kanji	機	機嫌
kanji	押	押し
kanji	弾	弾い	弾く	弾き	弾け
kanji	塗	塗っ
kanji	隠	隠れ	隠し
kanji	頑	頑張っ
kanji	張	主張	張っ	緊張	頑張っ
kanji	輝	輝い
kanji	打	打っ	打た
kanji	専	専攻	専念
kanji	攻	専攻	攻撃
kanji	掛	掛かっ	掛け
kanji	命	命じ	任命	命令	運命
kanji	断	判断	断っ	横断
kanji	植	植え
kanji	兄	兄弟
kanji	遠	遠慮	遠い	待ち遠しい
kanji	慮	遠慮	考慮
kanji	片	片付け	片づけ
kanji	暖	暖かい
kanji	詩	詩人
kanji	扱	扱い	扱っ	扱わ	扱う
kanji	投	投票	投函	投げ
kanji	太	太っ
kanji	重	重い	尊重	重視	重
kanji	去	去っ
kanji	母	母語	母
kanji	戦	戦っ	挑戦
kanji	曲	曲がり	曲がっ
kanji	告	忠告	告げ	報告	警告
kanji	勧	勧め
kanji	希	希望
kanji	望	希望	望ん	熱望	望む	失望	切望
kanji	然	同然	偶然
kanji	減	減り	減少	減っ
kanji	低	低い
kanji	偶	偶然
kanji	道	道
kanji	演	演説	演奏	演じ
kanji	奏	演奏
kanji	吹	吹い	吹き
kanji	折	折っ	骨折	折れ
kanji	伸	伸び	伸ばし
kanji	振	振る舞っ	振っ
kanji	避	避け
kanji	燃	燃え
kanji	従	従っ	従わ	従事	従う
kanji	飽	飽き
kanji	憩	休憩
kanji	甘	甘	甘い
kanji	好	好む	好み	好ま	好物	好か
kanji	首	首都
kanji	留	留守	留学
kanji	奪	奪わ	奪っ
kanji	浴	浴び
kanji	越	越え	引っ越し	越し
kanji	緊	緊張
kanji	傷	傷つけ	負傷
kanji	割	割っ	割れ
kanji	邪	邪魔
kanji	魔	邪魔
kanji	才	天才
kanji	青	青ざめ	青い	青
kanji	厳	厳しい
kanji	伺	伺い
kanji	納	納得
kanji	恥	恥ずかしい	恥じ
kanji	別	区別	別れ
kanji	趣	趣味
kanji	数	数え
kanji	触	触れ	触っ
kanji	脱	脱ぎ	脱い	脱し
kanji	広	広げ	広い	広がっ	広まっ
kanji	悲	悲しい	悲しん
kanji	遊	遊ん	遊ぼう	遊び
kanji	民	国民
kanji	震	震え
kanji	煙	禁煙
kanji	履	履い
kanji	複	複雑
kanji	雑	混雑	複雑
kanji	赤	赤い
kanji	辛	辛い
kanji	寂	寂しい
kanji	署	署名
kanji	雪	雪
kanji	拒	拒絶	拒否
kanji	否	拒否	否定
kanji	主	主張	持ち主
kanji	弱	弱い
kanji	諦	諦め
kanji	焼	焼け	全焼	焼い
kanji	週	週間
kanji	表	発表	表し	表現
kanji	狂	狂っ
kanji	雇	解雇	雇っ
kanji	抜	抜い	抜け
kanji	可	許可	可愛い
kanji	季	季節
kanji	節	季節
kanji	秘	秘密
kanji	密	秘密
kanji	届	届き	届い	届か
kanji	踊	踊り	踊っ
kanji	誤	誤解
kanji	襲	襲わ	襲っ
kanji	酔	酔っ
kanji	居	居る	居
kanji	寄	寄っ
kanji	応	応援	応じ	応募
kanji	濡	濡れ
kanji	控	控え
kanji	図	合図
kanji	形	人形
kanji	殴	殴っ
kanji	咲	咲く	咲い
kanji	祈	祈っ	祈り
kanji	独	独立	独身
kanji	恋	恋しい
kanji	罰	罰せ
kanji	仲	仲直り	仲間	仲良し
kanji	済	済ま	済ん	済み
kanji	遭	遭っ
kanji	詳	詳しい
kanji	及	及ぼし	及ば
kanji	微	微笑ん
kanji	熱	熱中	熱望	熱い
kanji	抑	抑える	抑え
kanji	統	伝統
kanji	構	構成	構わ	構い
kanji	覧	ご覧
kanji	預	預け	預かっ
kanji	絶	拒絶
kanji	双	双子
kanji	全	全部	安全	全て	全焼
kanji	申	申し	申し訳
kanji	漏	漏れ
kanji	曇	曇っ
kanji	裏	裏切っ
kanji	平	平等	平和	平気	公平
kanji	和	調和	平和
kanji	衰	衰え
kanji	昇	上昇	昇っ
kanji	鉛	鉛筆
kanji	筆	鉛筆
kanji	芸	芸術
kanji	術	芸術
kanji	追	追っ	追加
kanji	誘	誘っ
kanji	短	短い	短
kanji	何	何色	何時
kanji	頂	頂け
kanji	職	辞職	就職	退職
kanji	俳	俳優
kanji	貧	貧乏
kanji	乏	貧乏
kanji	了	魅了	完了
kanji	刺	刺さ
kanji	公	公開	公平
kanji	汚	汚染	汚い	汚れ
kanji	製	製造	木製
kanji	冷	冷たい	冷静
kanji	組	番組
kanji	科	科目
kanji	譲	譲っ
kanji	員	一員
kanji	渇	渇い
kanji	臭	臭い
kanji	典	古典
kanji	代	代わっ	時代
kanji	臆	臆病
kanji	召	召し上がり
kanji	以	以上
kanji	敏	敏感
kanji	縛	縛ら
kanji	怠	怠け者
kanji	治	治る	治っ	治療
kanji	横	横切っ	横たわっ	横断
kanji	惚	惚れ
kanji	祝	祝っ	祝い
kanji	句	句読点
kanji	点	句読点
kanji	坊	寝坊
kanji	父	父
kanji	研	研究
kanji	究	研究
kanji	議	議論	抗議	不思議
kanji	論	議論
kanji	昨	昨日
kanji	英	英語
kanji	顔	顔
kanji	円	円
kanji	経	経験	経営
kanji	験	体験	経験
kanji	含	含ま
kanji	頃	頃
kanji	忠	忠告
kanji	進	推進	促進	進む	進め	進ん	進歩
kanji	期	期待	延期
kanji	翻	翻訳
kanji	訳	翻訳	訳	訳し	申し訳
kanji	査	調査
kanji	川	川
kanji	労	苦労
kanji	後	後	後悔
kanji	悔	後悔
kanji	飛	飛ん
kanji	山	山
kanji	延	延期
kanji	状	状態
kanji	態	状態
kanji	朝	朝
kanji	示	示す	示さ	示唆	示し
kanji	故	故障
kanji	障	故障
kanji	練	練習
kanji	絵	絵
kanji	判	判断	批判	判明
kanji	援	援助	応援
kanji	浮	浮かべ	浮かん
kanji	評	評価
kanji	価	評価
kanji	想	想像	連想
kanji	像	想像
kanji	記	暗記	記録	記入
kanji	録	登録	記録
kanji	世	世話
kanji	営	経営
kanji	倍	倍
kanji	給	供給	支給
kanji	便	便利
kanji	暗	暗記
kanji	覆	覆っ	覆わ
kanji	値	値
kanji	貯	貯金	貯め
kanji	陸	離陸	着陸
kanji	廃	廃止
kanji	交	交換
kanji	換	交換
kanji	更	変更
kanji	抱	抱え	抱い
kanji	並	並ん	並べ
kanji	常	常
kanji	挑	挑戦
kanji	的	目的
kanji	採	採用
kanji	版	出版
kanji	指	指し	指摘	目指し
kanji	摘	指摘
kanji	異	異なっ	異なる
kanji	半	半
kanji	診	診察	診
kanji	有	所有
kanji	音	発音
kanji	挨	挨拶
kanji	拶	挨拶
kanji	基	基づい
kanji	催	開催	催さ
kanji	証	保証	証明
kanji	疑	疑っ	疑わしい
kanji	眺	眺め
kanji	撃	撃っ	目撃	攻撃
kanji	比	比較
kanji	較	比較
kanji	令	命令
kanji	検	検討
kanji	討	検討
kanji	警	警告
kanji	爆	爆発
kanji	恵	恵まれ
kanji	沈	沈ん
kanji	釈	解釈
kanji	療	治療
kanji	念	概念	専念
kanji	訴	訴え
kanji	保	保存	保証
kanji	処	処分	対処	処理
kanji	濯	洗濯
kanji	彼	彼氏
kanji	氏	彼氏
kanji	精	精通
kanji	破	破壊	破っ
kanji	載	載っ
kanji	属	所属	属し
kanji	栽	栽培
kanji	培	栽培
kanji	混	混ぜ	混乱	混雑	混同	混ん
kanji	救	救っ
kanji	放	解放	放し	放送	放っ
kanji	超	超え
kanji	喧	喧嘩
kanji	嘩	喧嘩
kanji	義	義務
kanji	務	義務	務め
kanji	挙	挙げ
kanji	捧	捧げ
kanji	腐	腐っ
kanji	磨	磨い	磨き
kanji	承	承認	承知
kanji	展	発展
kanji	握	握っ
kanji	駐	駐車
kanji	侮	侮辱
kanji	辱	侮辱
kanji	距	距離
kanji	替	替え
kanji	克	克服
kanji	服	克服
kanji	揺	揺れ
kanji	快	快適
kanji	適	快適	適用
kanji	情	同情
kanji	没	没頭
kanji	頭	没頭
kanji	化	悪化	強化	変化
kanji	拡	拡大
kanji	候	候補
kanji	補	候補
kanji	票	投票
kanji	染	汚染
kanji	包	包ま	包ん
kanji	贈	贈っ
kanji	沸	沸騰
kanji	騰	沸騰
kanji	悟	覚悟
kanji	様	様子
kanji	狭	狭	狭い
kanji	収	収め	収容	吸収
kanji	衝	衝突
kanji	突	衝突
kanji	抗	抗議	反抗
kanji	接	接し
kanji	設	設立
kanji	悩	悩まさ	悩ん
kanji	骨	骨折
kanji	乱	混乱
kanji	鋭	鋭い
kanji	体	体験
kanji	浪	浪費
kanji	費	費やし	浪費
kanji	募	応募
kanji	等	平等
kanji	算	計算
kanji	側	側面
kanji	蹴	蹴っ
kanji	叱	叱っ
kanji	察	診察
kanji	惑	当惑
kanji	髪	散髪
kanji	静	冷静
kanji	効	効く
kanji	傾	傾け
kanji	締	締め
kanji	拾	拾っ
kanji	就	就職
kanji	停	停車
kanji	誓	誓っ
kanji	害	害し
kanji	痩	痩せ
kanji	脅	脅し
kanji	容	収容
kanji	陥	陥っ
kanji	整	整頓
kanji	頓	整頓
kanji	剃	剃っ
kanji	象	象徴
kanji	徴	特徴	象徴
kanji	熟	熟し
kanji	詰	詰め
kanji	固	固執
kanji	執	固執
kanji	迫	迫っ
kanji	舞	振る舞っ
kanji	報	報告	報わ
kanji	照	参照
kanji	乾	乾杯
kanji	刈	刈っ
kanji	活	生活	活用
kanji	批	批判
kanji	促	促進
kanji	析	分析
kanji	依	依存
kanji	概	概念
kanji	貢	貢献
kanji	献	貢献
kanji	地	地
kanji	例	例
kanji	輸	輸入
kanji	購	購入
kanji	富	富ん
kanji	産	生産
kanji	区	区別
kanji	競	競争
kanji	争	競争
kanji	販	販売
kanji	囲	囲ま
kanji	請	請求
kanji	造	製造
kanji	推	推進	推薦
kanji	薦	推薦
kanji	削	削除
kanji	稼	稼い
kanji	函	投函
kanji	担	担当
kanji	掘	発掘
kanji	獲	獲得
kanji	唆	示唆
kanji	識	認識
kanji	唱	唱え
kanji	特	特徴
kanji	擁	擁護
kanji	護	擁護
kanji	仮	仮定
hiragana	く	亡くなっ	解く	くっつい	なくなり	くつろい	尽くさ	聞く	びっくり	咲く	つく	いく	なくし	ひく	驚く	わくわく	近く	働く	効く	くれ	亡くなり	尽くし	ください	いくら	弾く	くれる	無くし	泣く	亡くし	よろしく	書く	続く	無くなっ	着く	歩く	行く	なくなっ	動く	そっくり	くる	つくし
hiragana	だ	いただき	ちょうだい	いただけ	だまさ	ください	だめ
hiragana	さ	うわさ	みなさ	やさしい	だまさ	うるさい	愛さ	落とさ	出さ	尽くさ	流さ	良さ	示さ	よさ	催さ	なさ	許さ	ください	さ	小さい	おさまっ	刺さ	さらさ	話さ	ささげ	小さ	殺さ	悩まさ	なさっ	下さい	さがし	ふさい	なさい	待たさ
hiragana	い	合い	くつろい	買い	やさしい	うるさい	言い	いく	すごい	ほしい	幸い	無い	短い	抱い	疑わしい	きい	弾い	低い	泣い	優しい	洗い	たたい	正しい	美しい	いつ	開い	使い	遠い	おもしろい	かい	向い	習い	甘い	はい	嬉しい	こい	下さい	痛い	明るい	新しい	嫌い	履い	素晴らしい	知り合い	いけ	注い	住まい	くっつい	危ない	かゆい	うなずい	暑い	ねがい	気付い	暖かい	吹い	脱い	祝い	いたし	深い	いっぱい	手伝い	よい	いらいら	ください	いら	いくら	若い	安い	軽い	ない	白い	よろしい	歌い	臭い	焼い	近い	引い	ありがたい	少ない	すばらしい	間違い	おいしい	まいり	続い	恐い	違い	用い	急い	恥ずかしい	いれ	いらっしゃい	願い	歩い	忙しい	聞い	眠い	面白い	思い	鋭い	むずかしい	稼い	いかが	渇い	会い	古い	働い	泳い	美味しい	寂しい	いか	解い	待ち遠しい	良い	苦い	小さい	ちがい	弱い	賢い	いう	磨い	赤い	詳しい	伺い	咲い	悪い	寒い	辛い	狭い	汚い	多い	怖い	悲しい	ひどい	いただき	ござい	聴い	すい	いき	いる	ふさい	せい	熱い	基づい	書い	うまい	あい	招い	遅い	いや	高い	払い	気づい	いい	笑い	冷たい	置い	楽しい	支払い	上手い	吸い	抜い	難しい	もらい	重い	かわいい	つない	いわ	つい	驚い	空い	おかしい	構い	速い	いただけ	ひい	可愛い	厳しい	強い	近づい	うれしい	輝い	欲しい	付い	動い	かまい	ちょうだい	扱い	広い	長い	青い	きつい	きれい	描い	恋しい	なさい	届い	いっ	早い	着い	大きい
hiragana	っ	回っ	もらっ	面白かっ	広がっ	ふけっ	狂っ	もっ	閉まっ	贈っ	襲っ	黙っ	作っ	踊っ	預かっ	買っ	刈っ	洗っ	謝っ	良かっ	うれしかっ	無かっ	腐っ	拾っ	欲しかっ	知っ	登っ	おさまっ	がっかり	願っ	従っ	かなっ	座っ	降っ	つかまっ	勝っ	戻っ	美しかっ	からかっ	頼っ	支払っ	よかっ	まちがっ	無くなっ	祝っ	かかっ	通っ	下がっ	亡くなっ	くっつい	鳴っ	扱っ	多かっ	裏切っ	伝わっ	曇っ	飼っ	寒かっ	横たわっ	遭っ	流行っ	奪っ	いっぱい	決まっ	歌っ	寄っ	育っ	手伝っ	取っ	楽しかっ	ぴったり	起こっ	売っ	塗っ	間に合っ	割っ	しまっ	はっきり	困っ	去っ	正しかっ	いっ	合っ	会っ	乗っ	失っ	酔っ	追っ	もっとも	覆っ	疑っ	上がっ	眠っ	帰っ	違っ	振っ	高かっ	放っ	頑張っ	太っ	ほっと	あっ	いらっしゃい	そっくり	しゃべっ	触っ	変わっ	渡っ	終わっ	とまっ	陥っ	ハマっ	握っ	思っ	切っ	食っ	行っ	守っ	すわっ	迫っ	誓っ	持っ	集まっ	下っ	残っ	振る舞っ	広まっ	空っぽ	言っ	減っ	嬉しかっ	雇っ	殴っ	入っ	なっ	捕まっ	剃っ	昇っ	走っ	打っ	誘っ	代わっ	蹴っ	なさっ	泊まっ	破っ	かぶっ	曲がっ	ぶつかっ	なくなっ	習っ	払っ	治っ	引っ越し	立っ	うっとり	とっ	びっくり	当たっ	祈っ	使っ	送っ	止まっ	見つかっ	間違っ	やっ	語っ	待っ	戦っ	悪かっ	叱っ	難しかっ	始まっ	なかっ	忙しかっ	嫌っ	わかっ	素晴らしかっ	受かっ	載っ	強かっ	あがっ	怒っ	負っ	撃っ	救っ	おっしゃっ	撮っ	吸っ	断っ	張っ	譲っ	分かっ	笑っ	迷っ	折っ	異なっ	美味しかっ	掛かっ	たっぷり	向かっ	横切っ
hiragana	べ	浮かべ	食べよう	食べ物	結べ	食べる	並べ	しゃべっ	述べ	しゃべる	運べ	調べ	しゃべら	食べ
hiragana	あ	あい	あたり	あきあき	あげる	あり	ありがとう	あげ	ありがたい	あたる	あがっ	あげよう	ある	あふれ	あう	あけ	あなた	あきらめ	あっ	あれ
hiragana	や	やっ	やれ	やろう	やめよう	やる	やさしい	やめ	いや	やめる	やつ	やれる	やめろ	やら	費やし	やり
hiragana	な	亡くなっ	なくなり	みなさ	危ない	うなずい	かなわ	なくし	なる	なれ	亡くなり	なさ	なぜ	つない	死な	異なる	ない	みなし	なら	なかっ	かなっ	少ない	なっ	なり	なし	なさっ	つながり	無くなっ	あなた	異なっ	なくなっ	なさい
hiragana	り	踊り	あたり	なくなり	始まり	送り	参り	うっとり	びっくり	変わり	あり	やり	分かり	戻り	泊まり	要り	亡くなり	起こり	ありがとう	登り	うんざり	とり	ぴったり	終わり	限り	集まり	がっかり	取り	はっきり	とおり	乗り	ありがたい	作り	切り	上がり	助かり	なり	曲がり	知り	通り	まいり	座り	つながり	召し上がり	走り	仲直り	降り	かかり	借り	帰り	減り	つもり	足り	眠り	入り	祈り	たっぷり	そっくり	わかり	知り合い
hiragana	た	あたり	満たし	ため	当たっ	待たさ	たまら	冷たい	横たわっ	いたし	打た	待た	果たし	立た	たたい	ぴったり	もたらし	もたらす	いただけ	こたえ	当たる	持た	ありがたい	あたる	果たす	たずね	いただき	たて	あなた	たっぷり
hiragana	る	起きる	居る	うるさい	入れる	立てる	とる	起こる	なる	残る	できる	行ける	言える	食べる	来る	わかる	出る	取る	戻る	感じる	晴れる	訪れる	限る	切れる	明るい	忘れる	寝る	助ける	会える	遅れる	間違える	始まる	やれる	くれる	思える	慣れる	信じる	当たる	やる	ある	認める	怒る	つける	くる	受ける	話せる	走る	送る	求める	しゃべる	終わる	かける	見つける	通る	守る	異なる	聞こえる	振る舞っ	かかる	出来る	帰る	あたる	教える	見える	抑える	乗る	入る	生まれる	やめる	いる	終える	読める	使える	答える	走れる	困る	降る	買える	あげる	治る	渡る	愛する	与える	謝る	恐れる	見る	作る	要る	考える	開ける	泳げる	生きる	変える	分かる	着る	する	変わる	知る
hiragana	す	出す	示す	すごし	すごい	すん	愛する	過ごす	すれ	すい	起こす	すばらしい	すわっ	話す	する	果たす	す	もたらす
hiragana	え	負え	超え	抑え	支え	買える	燃え	聞こえ	迎え	払え	見え	与え	終え	与える	震え	越え	変え	もらえ	加え	耐え	備え	言える	替え	間違え	聞こえる	会える	考え	間違える	抱え	植え	つかまえ	買え	考える	思える	訴え	教え	言え	思え	衰え	こたえ	会え	教える	生え	唱え	え	変える	見える	消え	抑える	増え	使え	数え	答え	伝え	終える	覚え	使える	答える	捕まえ	控え
hiragana	も	もらっ	もらい	もらえ	もっ	もん	つもり	おもしろい	もたらし	もっとも	もの	もたらす
hiragana	の	どの	もの	女の子
hiragana	で	で	でき	おめでとう	できる
hiragana	き	起きる	聞き	長生き	きか	あきあき	書き	どきどき	泣き	磨き	置き	とき	きい	できる	き	起き	弾き	吹き	つき	はっきり	生きる	開き	動き	でき	行き	飽き	働き	早起き	生き	大き	嘘つき	届き	歩き	いただき	ひき	着き	驚き	きつい	いき	きれい	あきらめ	聴き	大きい
hiragana	そ	話そう	そう	そっくり	それ	うそ
hiragana	れ	優れ	疲れ	生まれ	晴れ	忘れる	入れる	濡れ	恵まれ	なれ	折れ	触れ	とれ	くれ	隠れ	割れ	訪れ	うれしかっ	暮れ	遅れ	乗れ	漏れ	忘れ	すれ	来れ	これ	汚れ	恐れる	慣れ	倒れ	遅れる	やれる	くれる	慣れる	切れ	惚れ	売れ	壊れ	揺れ	取れ	現れ	晴れる	訪れる	離れ	あふれ	うれしい	やれ	眠れ	分かれ	どれ	生まれる	走れ	流れ	うぬぼれ	切れる	きれい	連れ	別れ	あれ	いれ	走れる	恐れ	それ	入れ
hiragana	ど	どう	どうぞ	どれ	どの	どきどき	どちら	どこ	ひどい
hiragana	う	うまい	どう	始めよう	うわさ	うるさい	食べよう	うっとり	おめでとう	会う	うなずい	しよう	間に合う	手伝う	買う	遊ぼう	ほう	行う	ありがとう	うれしかっ	歌う	うんざり	そう	合う	いう	話そう	会おう	従う	吸う	あげよう	違う	笑う	扱う	うれしい	待とう	言う	行こう	思う	うそ	やろう	ちょうだい	使う	やめよう	どうぞ	あう	うぬぼれ	払う
hiragana	こ	こと	聞こえ	よこし	起こる	ここ	起こり	これ	聞こえる	起こす	ところ	起こっ	こたえ	ころ	行こう	こい	起こし	こぼし	とこ	どこ
hiragana	し	脱し	満たし	やさしい	申し	下し	下ろし	楽しみ	しよう	訳し	ほしい	疑わしい	尽くし	うれしかっ	申し訳	欲しかっ	優しい	捜し	正しい	美しい	返し	表し	みなし	楽しん	楽し	おもしろい	美しかっ	脅し	亡くし	嬉しい	なし	起こし	こぼし	新しい	降ろし	素晴らしい	戻し	出し	し	苦しん	通し	いたし	面し	渡し	果たし	楽しかっ	もたらし	熟し	愛し	よろしい	壊し	費やし	しろ	しまっ	正しかっ	すばらしい	美味し	おいしい	手渡し	伸ばし	よろしく	よし	残し	指し	恥ずかしい	暮らし	過ごし	いらっしゃい	しゃべっ	つくし	忙しい	すごし	動かし	覚まし	しゃべる	よこし	むずかしい	なくし	目指し	しゃべら	隠し	及ぼし	美味しい	寂しい	嬉し	待ち遠しい	示し	探し	嬉しかっ	属し	話し	詳しい	越し	流し	無くし	鳴らし	悲しい	許し	仲良し	試し	召し上がり	犯し	接し	消し	放し	屈し	引っ越し	楽しい	難しい	達し	難し	殺し	少し	押し	落とし	難しかっ	おかしい	忙しかっ	害し	厳しい	素晴らしかっ	悲しん	うれしい	おっしゃっ	欲しい	直し	忙し	美味しかっ	回し	貸し	外し	さがし	恋しい	増し	欲し
hiragana	と	落とさ	とまっ	うっとり	とっ	こと	おめでとう	とる	とき	とれ	ありがとう	とり	落とし	ところ	まとめ	とおり	待とう	もっとも	とら	とこ	ほっと	ほんと
hiragana	か	泣か	書か	面白かっ	気づか	預かっ	分かり	良かっ	うれしかっ	無かっ	わかる	欲しかっ	行か	つか	つかまえ	がっかり	かなっ	つかまっ	かい	美しかっ	ばか	からかっ	よかっ	分かれ	かかり	かかっ	動か	わかり	かまわ	きか	多かっ	かゆい	寒かっ	暖かい	浮かべ	見つから	楽しかっ	向かっ	ばかげ	おか	正しかっ	高かっ	恥ずかしい	動かし	驚か	むずかしい	いかが	わから	かける	おかげ	いか	かけ	かかる	嬉しかっ	つかん	歩か	届か	かぶっ	ぶつかっ	分から	浮かん	働か	かから	かなわ	見つかっ	聞か	好か	かわいい	悪かっ	難しかっ	なかっ	忙しかっ	おかしい	確かめ	わかっ	素晴らしかっ	受かっ	強かっ	助かり	開か	かまい	分かる	分かっ	美味しかっ	掛かっ	分かん
hiragana	よ	やめよう	よかっ	始めよう	よい	よろしく	よし	食べよう	あげよう	よこし	しよう	よろしい	よさ	よせ
hiragana	ら	もらっ	乗ら	解ら	かから	どちら	わから	たまら	戻ら	入ら	しゃべら	見つから	もらい	もらえ	いらいら	いら	守ら	つまら	いくら	限ら	変わら	もたらし	なら	もたらす	素晴らしかっ	さらさ	作ら	帰ら	謝ら	すばらしい	鳴らし	終わら	降ら	からかっ	ごらん	怒ら	売ら	取ら	知ら	とら	走ら	分から	縛ら	やら	あきらめ	暮らし	通ら	いらっしゃい	素晴らしい
hiragana	つ	立つ	傷つけ	くっつい	くつろい	つく	見つけ	見つかっ	見つける	勝つ	見つから	つまら	つない	つい	つき	つかまえ	つか	いつ	つかん	つかまっ	やつ	嘘つき	役立つ	みつけ	持つ	待つ	つながり	きつい	つけ	つもり	ぶつかっ	つける	つくし
hiragana	ん	ほんと	すん	富ん	学ん	運ん	苦しん	沈ん	読ん	並ん	盗ん	住ん	ごめん	呼ん	うんざり	がまん	刻ん	包ん	混ん	休ん	叫ん	楽しん	つかん	望ん	微笑ん	悩ん	選ん	悲しん	飲ん	ごらん	死ん	飛ん	喜ん	もん	結ん	浮かん	遊ん	進ん	分かん	済ん	頼ん	生ん
hiragana	ろ	しろ	やろう	よろしく	ころ	くつろい	下ろし	おもしろい	やめろ	降ろし	ところ	よろしい
hiragana	み	みつけ	みなさ	好み	頼み	楽しみ	済み	休み	みなし	住み	読み	飲み	痛み	み	試み
hiragana	わ	おおわ	変わっ	かまわ	うわさ	扱わ	終わっ	報わ	わけ	変わり	伝わっ	かなわ	払わ	嫌わ	わから	終わる	横たわっ	変わる	言わ	吸わ	会わ	疑わしい	わくわく	すわっ	負わ	合わ	わかる	かわいい	笑わ	変わら	いわ	終わり	使わ	合わせ	奪わ	覆わ	買わ	食わ	わかっ	思わ	従わ	襲わ	構わ	終わら	代わっ	手伝わ	間に合わ	わかり	行わ
hiragana	け	いけ	頂け	傷つけ	抜け	ふけっ	わけ	片づけ	怠け者	かける	見つけ	名づけ	名付け	見つける	助ける	傾け	歩け	行ける	避け	かけ	片付け	付け	焼け	弾け	開ける	聞け	分け	いただけ	行け	続け	掛け	受け	負け	向け	解け	預け	みつけ	あけ	欠け	つけ	助け	開け	つける	受ける	書け
hiragana	め	決め	初めて	始めよう	務め	ため	やめ	青ざめ	だめ	覚め	おめでとう	求める	読め	責め	収め	辞め	始め	ごめん	諦め	求め	やめろ	進め	確かめ	認め	まとめ	ほめ	認める	泊め	詰め	眺め	痛め	飲め	やめよう	勧め	集め	締め	やめる	閉め	貯め	読める	あきらめ	努め	止め	勤め
hiragana	じ	閉じ	生じ	信じる	感じ	存じ	禁じ	信じ	恥じ	命じ	感じる	応じ	通じ	演じ
hiragana	が	上がっ	まちがっ	広がっ	ありがとう	召し上がり	つながり	ありがたい	あがっ	曲がっ	さがし	上がり	いかが	ねがい	ちがい	下がっ	がまん	曲がり	がっかり
hiragana	げ	逃げ	あげ	泳げる	投げ	挙げ	捧げ	下げ	ささげ	あげる	あげよう	ばかげ	広げ	泳げ	おかげ	上げ	告げ	仕上げ
hiragana	せ	罰せ	乗せ	痩せ	話せ	返せ	出せ	せい	合わせ	見せ	幸せ	よせ	任せ	話せる
hiragana	は	はい	はず	はっきり
hiragana	ず	はず	うなずい	むずかしい	恥ずかしい	たずね
hiragana	ま	住まい	うまい	かまわ	始まり	生まれ	だまさ	覚まし	とまっ	含ま	閉まっ	読ま	たまら	止まっ	泊まり	済ま	包ま	決まっ	集まっ	つまら	好ま	飲ま	広まっ	おさまっ	始まる	つかまえ	始まっ	集まり	がまん	しまっ	まとめ	盗ま	捕まっ	つかまっ	囲ま	まいり	かまい	まちがっ	悩まさ	生まれる	泊まっ	まま	捕まえ	恵まれ
hiragana	む	飲む	読む	生む	好む	休む	むずかしい	進む	痛む	望む
hiragana	ご	すごし	ごめん	ござい	過ごす	ご覧	すごい	過ごし	ごらん
hiragana	ざ	ござい	青ざめ	うんざり
hiragana	ち	金持ち	まちがっ	ちょうだい	待ち	落ち	役立ち	持ち主	満ち	待ち遠しい	どちら	勝ち	ちがい	気持ち	立ち	持ち
hiragana	て	たて	初めて	建て	当て	立て	捨て	立てる	全て	待て	育て
hiragana	ね	ねがい	たずね	訪ね	尋ね
hiragana	ぎ	過ぎ	泳ぎ	脱ぎ
hiragana	お	おおわ	会おう	おっしゃっ	とおり	おめでとう	おか	おもしろい	おさまっ	おかげ	おいしい	おかしい
hiragana	ぞ	どうぞ
hiragana	ぱ	いっぱい
hiragana	ば	呼ば	学ば	選ば	ばかげ	すばらしい	ばか	及ば	運ば	伸ばし
hiragana	ひ	ひき	ひい	ひく	ひどい
hiragana	づ	片づけ	気づい	気づか	近づい	基づい	名づけ
hiragana	び	浴び	びっくり	遊び	学び	選び	伸び	呼び
hiragana	ぐ	泳ぐ
hiragana	ほ	ほう	ほめ	ほっと	ほしい	ほんと
hiragana	ゃ	しゃべっ	しゃべる	おっしゃっ	いらっしゃい	しゃべら
hiragana	ぬ	うぬぼれ	死ぬ
hiragana	ぶ	喜ぶ	学ぶ	かぶっ	ぶつかっ	呼ぶ
hiragana	に	間に合う	間に合わ	間に合っ	死に
hiragana	ょ	ちょうだい
hiragana	ふ	ふけっ	ふさい	あふれ
hiragana	ぜ	混ぜ	なぜ
hiragana	ぽ	空っぽ
hiragana	ぴ	ぴったり
hiragana	ぼ	うぬぼれ	遊ぼう	こぼし	及ぼし
hiragana	ぷ	たっぷり
hiragana	ゆ	かゆい
katakana	メ	カメラ	メアリー	メートル	メンバー	ダメ	コメディ
katakana	ア	アドバイス	アイデア	メアリー	アレルギー	ベジタリアン
katakana	リ	ハリー	メアリー	クリスマス	クリーム	ベジタリアン	リラックス
katakana	ー	パーティー	ハリー	デート	デー	メアリー	ニュース	クッキー	メートル	コピー	マスター	ソース	クリーム	メンバー	ケーキ	チーム	ゲーム	コーヒー	アレルギー
katakana	ド	ドル	ドキドキ	アドバイス	トレンド
katakana	ル	ドル	マイル	アレルギー	メートル
katakana	コ	タコス	コーヒー	コメディ	コピー
katakana	ヒ	コーヒー
katakana	レ	トレンド	レストラン	プレゼント	レシピ	アレルギー
katakana	ス	アドバイス	レストラン	タコス	バス	ニュース	クリスマス	マスター	パスタ	ソース	キス	クラス	リラックス
katakana	ト	トレンド	レストラン	プレゼント	デート	セット	メートル
katakana	ラ	イライラ	レストラン	カメラ	クラス	リラックス
katakana	ン	サイン	トレンド	レストラン	ファン	プレゼント	メンバー	ワイン	ベジタリアン
katakana	キ	キロ	クッキー	ドキドキ	キス	ケーキ
katakana	ダ	ダメ
katakana	バ	バカ	アドバイス	メンバー	バス
katakana	カ	カメラ	バカ
katakana	パ	パーティー	パスタ
katakana	タ	タイプ	タコス	マスター	パスタ	ベジタリアン
katakana	ゲ	ゲーム
katakana	ム	チーム	ゲーム	クリーム
katakana	ソ	ソース
katakana	ワ	ワイン
katakana	イ	アドバイス	イライラ	サイン	タイプ	アイデア	ワイン	マイル
katakana	チ	チェック	チーム
katakana	ェ	チェック
katakana	ッ	セット	クッキー	チェック	ノック	リラックス
katakana	ク	クッキー	クリスマス	クリーム	クラス	チェック	ノック	リラックス
katakana	ケ	ケーキ
katakana	プ	プレゼント	タイプ
katakana	ピ	ピザ	レシピ	コピー
katakana	ザ	ピザ
katakana	テ	パーティー
katakana	ィ	パーティー	コメディ
katakana	デ	アイデア	デート	デー	コメディ
katakana	ギ	アレルギー
katakana	ニ	ニュース
katakana	ュ	ニュース
katakana	フ	ファン
katakana	ァ	ファン
katakana	マ	マスター	ハマっ	マイル	クリスマス
katakana	シ	レシピ
katakana	ロ	キロ
katakana	ベ	ベジタリアン
katakana	ジ	ベジタリアン
katakana	ハ	ハマっ	ハリー
katakana	ゼ	プレゼント
katakana	ノ	ノック
katakana	サ	サイン
katakana	セ	セット
